name,bulbasaur,ivysaur,venusaur,charmander,charmeleon,charizard,squirtle,wartortle,blastoise,caterpie,metapod,butterfree,weedle,kakuna,beedrill,pidgey,pidgeotto,pidgeot,rattata,raticate,spearow,fearow,ekans,arbok,pikachu,raichu,sandshrew,sandslash,nidoran-f,nidorina,nidoqueen,nidoran-m,nidorino,nidoking,clefairy,clefable,vulpix,ninetales,jigglypuff,wigglytuff,zubat,golbat,oddish,gloom,vileplume,paras,parasect,venonat,venomoth,diglett,dugtrio,meowth,persian,psyduck,golduck,mankey,primeape,growlithe,arcanine,poliwag,poliwhirl,poliwrath,abra,kadabra,alakazam,machop,machoke,machamp,bellsprout,weepinbell,victreebel,tentacool,tentacruel,geodude,graveler,golem,ponyta,rapidash,slowpoke,slowbro,magnemite,magneton,farfetch'd,doduo,dodrio,seel,dewgong,grimer,muk,shellder,cloyster,gastly,haunter,gengar,onix,drowzee,hypno,krabby,kingler,voltorb,electrode,exeggcute,exeggutor,cubone,marowak,hitmonlee,hitmonchan,lickitung,koffing,weezing,rhyhorn,rhydon,chansey,tangela,kangaskhan,horsea,seadra,goldeen,seaking,staryu,starmie,mr. mime,scyther,jynx,electabuzz,magmar,pinsir,tauros,magikarp,gyarados,lapras,ditto,eevee,vaporeon,jolteon,flareon,porygon,omanyte,omastar,kabuto,kabutops,aerodactyl,snorlax,articuno,zapdos,moltres,dratini,dragonair,dragonite,mewtwo,mew
bulbasaur,0,40,5,19,12,0,69,40,6,96,100,2,98,100,4,10,4,0,60,14,27,3,30,3,76,86,59,12,34,11,1,33,10,0,56,4,4,0,62,37,15,0,4,2,0,8,1,16,5,66,26,53,19,59,18,18,1,2,0,72,44,6,0,18,3,33,16,5,31,5,0,69,21,50,38,20,6,1,75,34,18,3,4,24,2,40,15,17,1,51,40,5,2,0,76,55,13,46,38,25,6,40,0,55,22,19,0,22,8,0,62,46,93,41,2,88,96,60,20,75,64,28,1,6,13,0,0,8,100,0,11,54,13,23,13,1,21,89,45,54,32,0,1,0,0,0,25,8,0,0,8
ivysaur,57,0,4,30,15,5,61,36,3,98,100,2,99,100,9,14,3,0,74,12,34,2,38,5,82,89,41,6,48,12,2,43,11,1,56,1,3,0,52,30,26,0,16,7,0,11,2,21,9,67,14,61,15,61,16,12,1,2,0,84,42,6,0,17,2,26,10,3,40,8,0,88,19,39,17,4,7,1,70,8,16,1,5,26,8,43,14,22,6,31,3,1,0,0,75,63,16,38,8,30,3,9,0,47,11,36,3,8,3,1,44,13,94,15,4,86,87,40,18,74,54,34,3,19,13,0,0,13,100,0,5,66,29,29,23,4,30,84,31,63,9,1,0,0,0,0,13,4,0,1,15
venusaur,95,93,0,75,44,14,97,87,28,100,100,2,100,100,50,32,8,1,98,69,83,27,79,30,99,99,80,46,88,73,25,84,64,14,87,38,23,2,85,81,78,7,75,35,15,43,19,63,24,99,75,95,77,89,50,73,21,10,1,95,85,42,0,42,5,68,36,17,78,43,16,97,75,64,61,33,59,12,98,33,51,23,31,71,38,80,49,52,22,83,20,14,6,0,96,97,72,79,49,84,43,63,0,86,51,94,17,55,20,8,80,39,99,60,22,99,98,91,63,96,95,69,14,62,65,3,2,46,100,3,40,75,64,82,71,41,65,88,86,94,65,7,3,0,0,3,57,32,2,4,41
charmander,81,68,24,0,29,0,4,1,0,78,97,10,95,100,22,28,11,0,66,10,66,15,59,6,51,49,21,1,45,16,1,47,14,0,28,2,20,0,38,9,59,7,55,33,13,63,39,74,34,20,4,52,5,24,0,16,0,9,0,8,1,0,0,20,2,22,4,1,84,46,22,21,3,0,0,0,15,4,8,0,47,9,6,49,12,19,3,25,0,23,8,4,1,0,10,56,13,13,1,25,2,54,4,20,1,5,0,6,9,0,2,0,65,67,0,17,5,8,2,12,0,26,12,12,11,2,3,11,99,0,0,52,18,0,12,6,21,0,0,0,0,0,0,0,0,1,15,3,0,0,14
charmeleon,88,84,56,71,0,23,23,8,0,97,100,38,100,100,64,49,23,5,82,29,87,37,68,32,75,58,41,5,64,39,6,76,43,3,55,7,29,1,58,27,69,20,78,76,33,81,60,83,61,49,4,77,38,52,4,41,8,21,2,45,8,0,0,34,4,43,19,5,94,75,58,46,7,10,0,0,36,11,43,0,61,41,35,72,36,41,16,46,8,58,31,11,9,0,43,78,30,33,8,58,10,76,12,40,12,21,24,24,32,11,6,2,88,69,4,43,15,27,6,22,4,63,33,41,29,12,22,28,100,0,2,62,48,3,26,27,59,2,0,2,0,0,0,9,0,2,49,17,6,2,17
charizard,100,95,85,100,77,0,72,42,13,100,100,62,100,100,87,73,48,27,97,63,100,67,98,70,93,84,70,40,89,76,40,94,86,45,84,29,58,8,91,64,94,66,100,98,100,93,74,98,94,100,74,90,71,93,45,79,54,62,3,87,58,16,43,58,31,83,69,41,99,93,85,91,33,35,18,9,83,44,89,8,77,70,70,94,78,73,57,75,55,77,58,53,33,8,68,95,87,57,21,81,58,96,46,78,52,83,36,62,72,58,41,10,98,87,25,82,69,61,36,90,33,92,67,84,54,53,38,64,100,5,22,80,76,27,74,56,94,21,3,30,2,9,7,56,11,46,91,76,25,24,36
squirtle,30,38,3,96,77,28,0,6,0,100,100,8,100,100,53,44,18,3,94,35,94,40,85,29,67,35,78,16,91,55,8,91,57,4,72,2,43,5,95,43,97,29,5,3,2,77,30,96,68,80,16,89,45,60,5,37,2,29,1,72,29,0,0,32,5,37,9,0,71,23,4,88,7,80,45,20,75,46,93,1,21,2,33,88,41,70,26,58,2,85,4,11,1,0,98,95,39,28,1,53,6,11,0,86,26,19,3,37,23,3,72,41,79,57,8,86,90,38,13,56,4,74,24,24,4,45,2,36,100,0,3,55,53,5,15,38,52,58,5,19,0,3,0,0,0,47,43,22,4,0,12
wartortle,60,63,12,99,92,58,94,0,1,100,100,14,100,100,81,63,33,5,100,76,99,79,99,62,87,41,94,30,99,89,43,98,88,22,83,6,49,11,100,90,100,57,26,13,2,92,64,99,84,97,58,100,87,97,20,71,13,54,11,95,74,7,0,54,17,72,32,12,86,47,15,96,43,88,61,51,98,73,100,3,68,20,60,98,67,92,64,79,19,97,34,27,5,0,100,99,74,69,11,87,28,42,2,96,60,46,15,73,56,13,88,66,93,82,23,96,98,85,38,85,63,90,50,68,28,77,9,59,100,1,14,91,89,26,40,68,86,87,17,73,8,15,2,8,0,95,75,52,9,8,29
blastoise,94,97,72,100,100,87,100,99,0,100,100,54,100,100,99,72,57,22,100,100,100,96,100,98,99,93,100,88,100,99,91,100,100,76,93,54,80,24,100,99,100,91,71,45,25,100,95,100,100,100,92,100,98,100,90,98,74,72,13,100,99,63,0,64,47,98,81,60,100,94,63,99,93,100,96,76,100,97,100,74,96,56,99,100,98,100,99,99,64,100,92,24,7,0,100,100,100,100,77,99,83,79,44,100,95,88,81,98,96,73,97,94,98,99,56,100,100,100,93,100,100,99,96,100,69,96,39,89,100,18,81,95,100,91,88,99,100,100,75,96,27,59,51,69,21,100,98,94,52,45,65
caterpie,4,2,0,22,3,0,0,0,0,0,0,0,61,0,0,0,0,0,0,0,2,0,0,0,0,0,0,0,0,0,0,0,0,0,0,0,0,0,0,0,0,0,0,0,0,3,0,0,0,4,0,0,0,0,0,0,0,0,0,0,0,0,0,1,0,0,0,0,7,2,0,0,0,0,0,0,0,0,0,0,0,0,0,12,0,0,0,0,0,0,0,0,0,0,0,6,0,0,0,0,0,0,0,5,0,3,0,0,0,0,0,0,5,0,0,0,0,0,0,0,0,0,0,0,0,0,0,0,100,0,0,49,0,0,0,0,0,0,0,0,0,0,0,0,0,0,0,0,0,0,1
metapod,0,0,0,0,0,0,0,0,0,0,0,0,0,0,0,0,0,0,0,0,0,0,0,0,0,0,0,0,0,0,0,0,0,0,0,0,0,0,0,0,0,0,0,0,0,0,0,0,0,0,0,0,0,0,0,0,0,0,0,0,0,0,0,0,0,0,0,0,0,0,0,0,0,0,0,0,0,0,0,0,0,0,0,0,0,0,0,0,0,0,0,0,0,0,0,2,0,0,0,0,0,0,0,0,0,0,0,0,0,0,0,0,0,0,0,0,0,0,0,0,0,0,0,0,0,0,0,0,0,0,0,0,0,0,0,0,0,0,0,0,0,0,0,0,0,0,0,0,0,0,0
butterfree,46,42,27,25,11,2,22,8,0,56,46,0,66,76,33,33,15,1,46,10,40,14,58,32,32,14,35,8,57,54,16,70,50,11,22,0,18,0,31,11,55,17,53,42,26,32,12,48,33,47,28,38,18,31,4,52,16,10,1,34,17,14,0,1,0,55,39,16,61,51,27,33,24,37,16,2,21,8,4,0,8,1,13,40,18,12,3,41,20,51,17,49,30,10,39,10,0,43,13,28,4,17,0,35,9,53,2,3,46,36,26,6,1,41,1,43,34,24,2,37,3,1,8,1,3,2,3,3,63,0,0,16,21,2,6,11,17,22,6,40,5,0,0,0,0,4,35,13,5,0,2
weedle,2,1,0,5,0,0,0,0,0,34,90,0,0,0,0,0,0,0,0,0,0,0,0,0,0,0,0,0,0,0,0,0,0,0,13,0,0,0,1,0,0,0,0,0,0,6,2,0,0,0,0,1,0,0,0,0,0,0,0,0,0,0,0,0,0,0,0,0,2,1,0,0,0,0,0,0,0,0,0,0,0,0,0,0,0,0,0,0,0,0,0,0,0,0,0,1,1,0,0,0,0,1,0,0,0,0,0,0,0,0,0,0,60,6,0,0,0,0,0,0,0,2,0,0,0,0,0,0,98,0,0,5,0,0,0,0,0,0,0,0,0,0,0,0,0,0,0,0,0,0,1
kakuna,0,0,0,0,0,0,0,0,0,0,0,0,0,0,0,0,0,0,0,0,0,0,0,0,0,0,0,0,0,0,0,0,0,0,0,0,0,0,0,0,0,0,0,0,0,0,0,1,0,0,0,0,0,0,0,0,0,0,0,0,0,0,0,0,0,0,0,0,0,0,0,0,0,0,0,0,0,0,0,0,0,0,0,0,0,0,0,0,0,0,0,0,0,0,0,1,0,0,0,0,0,0,0,0,0,0,0,0,0,0,0,0,0,0,0,0,0,0,0,0,0,0,0,0,0,0,0,0,0,0,0,0,0,0,0,0,0,0,0,0,0,0,0,0,0,0,0,0,0,0,0
beedrill,96,91,50,78,36,13,47,19,1,100,100,16,100,100,0,59,27,1,95,31,76,16,87,38,99,97,18,1,72,34,3,87,48,1,61,4,39,2,75,14,64,8,100,98,96,78,53,81,43,86,18,90,42,75,19,41,10,27,0,85,41,1,49,72,21,54,13,4,99,80,70,93,26,1,0,0,46,15,76,1,28,4,32,56,19,64,19,51,5,42,1,0,0,0,21,97,61,27,2,75,21,93,28,48,6,89,2,17,15,3,0,0,100,78,2,84,89,47,15,89,46,78,15,63,52,9,3,18,100,0,5,87,51,9,63,25,72,14,0,11,1,1,0,0,0,1,86,58,2,17,30
pidgey,17,13,0,13,4,0,0,0,0,31,6,0,40,10,2,0,0,0,5,0,11,0,5,0,0,0,0,0,2,0,0,3,0,0,0,0,0,0,2,0,14,0,2,2,0,21,8,6,1,23,0,5,0,1,0,2,0,0,0,2,0,0,0,2,0,2,0,0,23,3,0,1,0,0,0,0,0,0,0,0,0,0,0,6,2,0,0,0,0,0,0,0,0,0,0,5,0,1,0,1,0,2,0,5,1,2,0,0,0,0,0,0,5,4,0,6,0,0,0,0,0,1,0,0,0,0,0,1,29,0,0,3,0,0,0,0,1,0,0,0,0,0,0,0,0,0,4,0,0,0,0
pidgeotto,30,23,4,18,4,3,1,0,0,39,14,2,49,19,13,8,0,0,25,1,29,0,17,0,3,0,2,0,9,0,0,20,0,0,1,0,2,0,7,0,26,0,14,6,2,32,22,16,6,35,8,21,1,5,0,18,0,1,0,10,0,0,0,6,0,2,2,0,29,26,3,9,0,0,0,0,4,0,3,0,0,0,2,29,6,0,0,1,0,8,1,0,0,0,3,11,3,5,0,4,0,9,1,8,1,10,0,0,0,0,0,0,12,15,1,19,1,5,0,3,0,3,0,3,0,0,0,3,38,0,0,3,1,0,0,4,6,0,0,0,0,0,0,0,0,0,6,2,0,0,0
pidgeot,54,42,16,38,24,7,22,8,0,59,49,15,57,45,42,23,17,0,59,10,56,20,48,12,29,14,26,4,37,17,4,52,18,6,14,0,27,0,40,11,46,7,41,27,17,52,42,44,28,60,26,48,22,36,8,41,17,21,1,34,18,3,11,27,2,43,13,5,59,44,16,30,4,11,2,0,30,12,16,0,2,0,22,36,24,12,2,25,0,36,21,9,1,0,8,30,9,39,10,30,5,33,2,32,12,42,5,5,28,3,5,0,35,34,6,43,29,43,10,32,10,22,12,23,5,7,2,11,55,0,0,10,21,3,9,11,17,6,0,6,0,0,0,0,1,5,41,15,1,0,2
rattata,40,26,1,34,18,3,6,0,0,100,87,5,100,93,5,35,7,0,0,1,55,7,62,3,22,27,0,0,13,3,0,22,4,0,22,0,16,0,27,2,50,2,4,3,1,25,9,48,12,22,1,43,4,18,0,11,0,5,0,23,1,0,0,17,3,4,1,0,29,17,3,41,0,0,0,0,15,0,16,0,3,0,9,29,5,11,1,8,1,3,0,0,0,0,5,49,14,1,0,15,1,10,0,26,1,3,0,2,1,0,0,0,84,22,1,13,5,3,1,2,0,16,5,3,5,1,0,1,100,0,0,62,11,0,3,2,10,0,0,0,0,0,0,0,0,0,21,16,0,0,10
raticate,86,87,31,90,71,37,65,24,0,100,92,20,100,98,69,52,27,5,99,0,99,51,96,43,96,94,33,6,84,50,8,85,48,2,62,5,49,0,88,24,94,26,41,31,9,80,48,99,67,88,20,95,69,92,19,56,6,29,1,86,39,2,0,47,12,20,9,3,97,75,35,96,22,0,0,0,67,28,98,1,37,2,37,95,60,86,40,43,3,55,0,0,0,0,57,99,72,11,3,58,17,49,3,66,12,11,4,26,17,6,1,0,87,86,20,73,75,55,18,56,7,86,35,45,37,19,1,41,100,1,4,73,68,23,24,56,83,0,0,1,0,0,1,0,0,28,83,42,6,1,26
spearow,72,65,17,34,13,0,6,1,0,98,90,19,100,93,24,30,5,1,45,1,0,5,39,4,2,1,0,0,20,4,0,32,5,0,10,1,18,0,24,1,38,4,33,16,4,59,31,67,32,65,8,29,4,19,0,34,5,4,0,13,4,0,0,12,1,19,6,4,66,41,15,37,0,0,0,0,11,1,13,0,0,0,12,16,3,4,1,6,0,1,0,7,0,0,3,41,10,2,0,3,0,48,0,21,7,7,0,1,0,0,0,0,64,43,0,9,5,5,0,6,0,17,12,6,0,1,0,0,100,0,0,69,6,2,1,6,14,0,0,0,0,0,0,0,0,0,19,8,0,0,9
fearow,97,98,73,85,63,33,60,21,4,100,98,31,100,99,84,54,30,6,93,49,95,0,91,45,42,28,31,2,81,53,3,79,63,3,51,5,38,5,82,17,90,27,89,84,50,94,85,100,80,95,55,90,42,83,29,77,28,31,5,77,35,17,29,26,16,56,40,29,93,88,65,91,27,0,0,0,61,26,86,0,5,0,38,82,46,34,10,40,5,19,1,39,22,0,35,95,53,17,2,40,2,73,11,57,16,57,19,17,16,7,2,0,93,94,8,62,41,37,19,50,7,72,55,49,5,18,12,28,100,1,3,73,56,11,10,38,57,1,0,1,0,0,2,0,0,20,65,39,7,0,30
ekans,69,59,20,41,32,2,15,1,0,100,100,1,100,95,13,26,4,1,38,4,61,9,0,10,57,54,4,0,40,13,0,43,11,1,48,1,14,0,50,20,54,3,28,22,14,44,13,39,15,7,0,46,10,17,0,4,0,3,0,29,3,0,0,9,1,17,6,3,58,49,7,53,8,0,0,0,24,2,37,1,4,1,3,38,7,19,5,17,2,31,0,0,0,0,22,49,15,4,0,12,0,56,0,26,0,14,0,1,2,1,0,0,82,64,1,42,27,12,0,20,0,26,7,6,5,0,0,5,100,0,0,58,9,5,16,7,10,1,0,1,0,0,0,0,0,1,27,11,2,0,14
arbok,95,95,70,94,68,30,71,38,2,100,100,17,100,100,62,41,28,7,97,57,96,55,90,0,95,91,24,6,93,68,15,93,75,2,85,13,43,9,97,80,88,26,91,80,45,88,62,89,50,40,11,91,50,69,16,52,7,31,0,75,36,5,0,24,8,56,27,20,99,92,69,89,38,0,0,0,57,25,93,8,34,6,39,83,50,80,43,55,19,84,18,0,0,0,55,82,44,46,11,70,16,96,8,59,4,75,12,41,13,12,3,0,94,97,8,88,77,53,30,74,34,77,39,45,40,13,3,42,100,1,10,72,61,37,67,44,53,29,0,10,2,1,9,3,0,45,70,52,16,5,26
pikachu,24,17,1,49,25,7,33,13,1,100,100,15,100,100,1,65,41,7,78,4,98,58,43,5,0,53,5,0,42,9,0,58,12,0,35,2,17,0,46,19,80,19,3,1,0,18,2,63,7,13,0,50,6,54,13,18,0,8,1,45,20,0,1,5,1,18,2,0,35,14,0,59,7,0,0,0,23,3,62,7,9,0,34,83,25,34,4,38,0,83,41,10,0,0,2,26,2,48,22,5,0,15,0,10,0,0,0,8,14,1,0,0,14,59,0,86,74,40,12,58,19,13,12,0,0,0,0,0,100,9,1,52,11,9,0,1,17,54,15,49,14,2,0,0,0,27,18,5,0,0,4
raichu,14,9,1,51,42,16,65,59,7,100,100,26,100,100,3,66,50,12,73,6,99,72,45,9,47,0,0,0,57,33,0,76,21,0,37,0,14,0,51,20,90,30,0,0,0,21,3,72,28,0,0,72,10,92,34,23,2,13,0,82,50,5,1,8,1,25,1,1,42,13,0,82,37,0,0,0,33,8,93,33,14,0,43,89,51,81,19,30,0,99,76,32,26,0,0,31,1,76,51,0,0,8,0,0,0,0,0,8,27,7,0,0,0,59,0,99,99,82,15,90,59,41,39,0,0,2,1,2,100,26,6,45,12,26,0,2,42,92,40,75,36,9,0,3,1,91,6,0,2,0,2
sandshrew,41,59,19,78,59,30,22,5,0,100,100,15,100,100,82,60,35,8,100,67,100,69,96,75,95,100,0,6,96,77,14,97,80,9,80,13,39,7,97,80,98,54,19,12,9,93,66,91,60,94,41,97,83,85,27,77,28,22,0,47,10,0,0,32,10,66,28,12,87,54,21,56,14,0,0,0,77,37,73,2,25,2,61,92,62,30,12,71,11,18,3,0,0,0,80,98,62,31,7,73,14,31,6,80,30,41,15,60,26,13,2,0,100,57,20,31,7,59,28,25,2,72,49,67,96,20,1,59,100,1,2,59,77,9,76,52,51,0,0,1,1,2,1,1,37,35,62,65,19,0,25
sandslash,88,93,53,99,95,60,84,70,12,100,100,42,100,100,99,77,55,17,100,94,100,98,100,94,100,100,93,0,100,99,65,100,99,47,97,49,70,12,100,98,100,84,56,48,21,100,96,100,93,100,86,100,98,100,81,100,65,67,9,85,63,27,0,58,35,91,80,56,98,91,65,93,53,33,5,0,99,83,100,19,85,28,97,100,92,86,61,94,70,80,12,0,0,0,95,100,98,77,25,95,73,68,54,100,80,87,64,91,87,68,34,4,100,97,46,79,64,90,66,72,37,98,91,98,99,66,31,80,100,6,17,86,100,61,99,96,92,37,0,18,2,16,30,3,83,98,96,92,61,22,55
nidoran-f,65,51,12,55,35,11,9,1,0,100,82,0,100,52,28,39,11,1,87,16,80,19,60,7,58,43,4,0,0,10,0,58,11,0,37,0,10,0,48,12,61,2,11,9,1,52,21,26,6,29,1,80,31,18,3,19,1,2,0,32,3,0,0,9,0,16,5,2,71,31,9,48,1,0,0,0,22,1,12,0,18,2,14,59,23,10,6,8,0,9,0,0,0,0,43,51,15,2,0,22,3,24,0,35,0,39,0,12,3,0,1,0,87,48,6,25,10,12,3,11,0,22,3,12,11,2,0,22,100,0,1,60,34,3,10,15,22,5,0,3,0,0,0,0,0,1,26,19,2,0,8
nidorina,87,87,27,84,61,24,44,11,1,100,98,4,100,82,66,45,15,2,97,50,96,47,87,32,91,67,23,1,90,0,1,90,52,0,62,2,31,5,86,40,94,13,50,31,10,86,33,68,19,56,5,96,66,61,7,38,8,19,0,79,20,0,0,29,2,59,17,6,95,68,25,76,9,1,0,0,63,19,63,0,55,11,33,91,45,46,22,32,2,38,1,0,0,0,72,83,25,16,0,61,5,50,1,45,1,71,4,29,7,1,4,0,95,83,16,49,42,43,9,44,6,40,19,52,25,5,1,37,100,0,2,83,80,12,55,30,49,27,0,20,0,0,0,0,0,8,62,40,5,0,19
nidoqueen,99,97,74,99,94,60,92,57,9,100,100,35,100,100,97,75,44,17,100,92,100,97,100,85,100,100,86,35,100,99,0,100,99,24,97,48,72,16,100,94,100,80,94,84,38,99,88,100,79,87,35,100,93,96,54,95,40,67,7,96,66,32,0,60,15,93,74,58,100,99,86,95,53,2,0,0,95,79,98,12,90,55,92,100,86,87,76,92,63,75,8,0,0,0,94,99,90,50,13,99,72,86,32,86,38,100,36,81,67,59,14,0,100,98,31,82,68,91,57,76,35,95,82,88,98,50,15,77,100,5,12,87,100,76,97,83,89,30,0,20,2,8,32,3,52,94,100,89,52,14,50
nidoran-m,67,54,15,53,24,6,9,2,0,100,99,0,100,73,13,39,9,1,78,15,68,21,57,7,41,24,3,0,42,10,0,0,11,0,26,0,24,0,51,6,53,5,24,9,2,36,5,32,7,20,1,65,23,20,0,8,6,6,0,30,5,0,0,6,3,19,2,0,71,29,11,42,1,0,0,0,19,8,20,0,37,3,4,50,8,19,8,12,0,12,0,0,0,0,43,41,11,3,0,17,0,25,0,24,0,23,0,11,3,0,3,0,98,46,5,26,12,8,3,16,0,19,3,7,8,1,0,16,100,0,0,65,29,2,9,5,25,8,0,5,0,0,1,0,0,0,33,12,2,0,12
nidorino,90,89,34,85,57,14,43,12,0,100,100,3,100,95,52,62,23,2,96,52,95,37,89,25,88,79,20,1,89,48,1,89,0,0,58,6,38,1,86,30,90,9,68,45,11,79,35,62,25,49,5,92,56,50,5,41,3,19,0,58,20,1,0,15,2,52,18,4,89,77,39,85,8,1,0,0,58,23,61,0,61,12,38,81,42,69,40,31,4,36,1,0,0,0,58,82,33,11,0,56,8,69,0,40,2,74,0,38,17,3,10,3,99,80,13,58,59,48,7,45,3,32,13,37,28,4,0,39,100,0,5,72,71,8,48,33,52,27,2,16,1,0,2,0,0,11,69,26,5,0,10
nidoking,100,99,86,100,97,55,96,77,24,100,100,59,100,100,99,83,69,37,100,98,100,97,99,98,100,100,91,53,100,100,76,100,100,0,96,59,71,27,100,97,99,81,92,90,73,100,91,100,93,95,48,100,96,100,73,99,53,72,21,96,77,49,0,72,27,99,86,72,100,97,95,98,87,5,0,0,98,88,100,16,98,65,99,100,89,99,87,97,79,88,11,0,0,0,96,100,93,65,34,100,81,98,38,93,53,100,74,98,81,77,24,1,100,100,41,88,81,95,69,94,73,93,79,93,100,75,24,85,100,10,26,89,97,78,98,89,95,55,1,37,5,10,46,11,59,98,99,94,76,24,61
clefairy,39,34,2,61,36,12,17,7,1,94,47,7,83,50,34,22,15,1,71,12,82,22,44,6,59,28,13,0,53,21,0,66,24,3,0,1,20,0,30,4,73,10,11,2,0,61,23,36,20,57,8,59,16,45,1,19,1,7,0,49,7,1,0,18,3,27,9,2,52,20,3,38,1,9,2,2,28,10,23,2,6,1,12,60,26,7,3,7,0,34,3,4,0,0,33,62,30,12,4,27,3,7,0,50,4,53,1,12,2,0,6,2,14,40,3,38,19,23,3,15,5,49,9,22,5,4,1,18,90,0,0,15,22,1,8,19,44,15,1,4,5,0,0,0,0,8,26,14,1,0,3
clefable,90,93,55,95,86,68,93,83,35,93,81,46,95,93,87,72,47,27,98,85,94,82,94,78,93,96,77,45,94,92,44,94,90,37,76,0,55,16,95,64,99,79,88,79,57,93,80,94,84,97,63,95,89,92,75,83,47,56,11,91,79,44,0,44,20,90,73,60,94,87,63,94,68,43,26,13,90,73,96,24,85,39,72,92,83,88,56,62,18,96,67,25,19,2,80,93,89,71,27,84,58,77,51,91,68,96,45,76,67,32,66,27,82,89,37,93,80,88,61,84,79,88,70,84,79,67,28,76,97,19,42,66,81,44,88,72,90,72,35,73,23,25,10,28,23,84,89,80,51,20,25
vulpix,43,34,14,14,9,3,0,2,0,67,59,12,59,51,25,18,8,1,29,6,34,7,28,5,27,21,12,0,20,10,0,19,8,0,10,1,0,0,15,2,27,2,35,23,13,60,28,45,14,17,0,22,6,3,0,7,0,0,0,6,1,0,0,7,1,8,3,1,60,37,16,7,0,1,1,0,7,3,1,0,34,22,9,38,5,2,0,9,2,17,1,12,2,0,2,11,3,7,2,8,0,39,2,10,0,4,0,3,11,2,4,0,9,35,1,7,0,8,1,2,0,12,15,5,4,5,5,4,30,0,1,8,2,0,2,5,12,0,0,1,0,0,0,1,0,0,12,1,0,0,1
ninetales,33,21,4,18,9,6,5,2,0,54,33,10,51,38,19,18,5,0,33,6,28,3,28,10,25,8,5,0,14,6,2,25,7,0,10,1,4,0,21,1,23,4,26,16,13,42,38,28,18,27,2,27,5,12,1,18,5,0,1,17,3,0,5,14,1,9,4,0,44,23,12,20,1,0,0,0,6,1,3,0,32,8,10,29,8,4,1,9,1,6,5,9,1,0,5,14,7,10,0,19,4,25,3,10,2,8,5,1,8,1,3,0,10,29,6,13,4,7,0,7,1,8,9,19,8,5,5,6,22,0,2,1,14,0,10,6,6,0,0,0,0,0,0,3,1,3,14,6,0,1,1
jigglypuff,38,48,14,62,42,9,5,0,0,100,78,5,99,94,23,22,9,0,73,12,76,18,50,3,53,48,3,0,52,13,0,49,14,0,20,1,9,2,0,4,78,3,6,0,0,42,10,77,30,36,4,53,15,38,3,14,5,6,0,32,3,0,0,22,1,8,2,0,39,22,0,41,3,0,0,0,29,6,56,0,0,0,4,61,18,13,0,6,0,5,0,0,0,0,25,76,24,2,0,29,4,12,0,45,1,5,0,1,0,0,0,0,71,40,0,27,13,7,0,15,0,46,4,7,3,0,0,8,100,0,0,78,20,0,9,5,23,0,0,0,0,0,0,0,0,1,33,27,0,0,23
wigglytuff,62,67,19,91,72,36,54,9,1,99,51,9,100,74,86,18,16,0,98,64,99,77,79,20,81,75,17,1,86,54,6,93,68,3,19,1,21,1,64,0,95,27,23,12,2,93,56,74,44,88,17,93,58,83,17,40,6,14,0,80,32,2,0,30,9,40,14,5,80,53,5,70,7,0,0,0,77,36,64,0,12,0,33,91,65,42,5,9,0,39,0,0,0,0,18,90,62,22,0,70,17,21,2,66,15,34,3,11,7,0,0,0,57,57,24,40,26,53,15,33,2,78,47,47,22,7,0,46,100,0,0,60,57,0,35,60,64,0,0,0,0,0,0,1,0,18,56,40,6,1,8
zubat,84,72,21,41,31,6,3,0,0,100,94,2,100,98,36,20,6,0,50,6,62,10,46,12,20,10,2,0,39,6,0,47,10,1,18,0,10,0,21,4,0,2,78,54,16,62,30,47,14,67,20,43,7,17,2,18,4,3,0,22,1,0,0,7,1,25,6,3,80,50,28,39,1,0,0,0,16,4,29,0,0,0,5,39,7,2,0,13,0,3,0,3,1,0,10,50,8,8,0,9,0,57,1,35,9,70,0,0,0,0,0,0,70,41,1,13,4,7,1,7,0,13,5,8,1,1,0,1,100,0,0,43,5,0,8,10,19,0,0,2,0,1,0,0,0,2,32,10,3,2,4
golbat,100,100,93,93,80,34,71,43,9,100,100,23,100,100,92,46,28,12,98,74,96,73,97,74,81,70,46,16,98,87,20,95,91,19,73,16,44,8,96,68,98,0,100,100,98,98,87,97,73,100,78,98,74,84,27,82,27,35,3,93,63,16,8,43,14,76,58,41,99,99,100,95,54,9,1,0,79,50,92,7,30,8,63,98,65,69,41,75,34,45,4,17,9,3,71,93,78,38,16,63,22,98,23,89,52,100,21,55,40,27,14,4,94,96,26,84,87,78,38,80,61,70,65,64,27,30,7,55,100,8,12,72,79,35,61,75,70,31,3,25,11,12,13,1,2,66,86,73,36,8,44
oddish,96,80,22,45,22,0,95,74,29,100,100,0,100,100,0,42,14,0,96,59,67,11,72,8,97,100,81,44,89,49,6,75,31,8,85,6,7,0,94,77,22,0,0,10,4,43,7,22,1,82,38,88,62,88,42,42,15,4,0,91,79,27,0,27,6,69,38,11,71,30,5,95,43,82,65,46,23,4,99,53,64,7,8,60,6,78,45,45,0,94,71,9,4,0,99,76,14,92,68,73,16,97,3,87,50,36,0,58,22,2,93,58,14,98,1,100,100,87,42,96,93,50,1,7,47,1,0,35,100,0,32,69,49,77,35,0,41,97,90,85,65,3,0,0,0,0,37,22,0,0,6
gloom,98,92,60,67,23,2,97,87,55,100,100,0,100,100,2,48,17,2,97,69,84,16,78,20,99,100,87,52,91,69,16,91,55,10,91,10,13,0,100,88,46,0,90,0,2,63,27,33,3,86,50,95,77,90,65,64,16,9,0,95,89,32,0,29,9,88,40,21,91,61,10,98,73,82,64,46,45,12,99,79,67,17,22,80,24,74,62,55,2,94,74,19,4,1,96,87,36,85,67,74,40,100,2,95,66,62,2,79,37,5,91,71,17,97,3,100,99,85,57,90,100,78,4,18,72,0,1,68,100,1,35,80,70,84,65,3,74,100,88,86,69,3,0,0,0,0,46,29,0,0,22
vileplume,100,100,84,87,67,0,98,98,75,100,100,0,100,100,4,57,41,5,99,91,96,50,86,54,100,100,91,79,99,90,62,98,89,27,99,34,28,1,100,98,84,2,96,97,0,91,56,80,18,90,69,98,92,94,73,77,45,25,5,99,95,72,0,28,18,97,81,51,99,90,39,97,93,79,77,69,81,39,100,88,82,58,44,86,50,91,89,75,14,97,81,17,17,2,99,98,80,98,81,95,65,100,23,95,83,92,27,92,76,24,89,79,39,100,34,100,100,93,82,98,100,88,14,53,92,5,14,81,100,7,60,94,86,99,85,14,88,100,92,92,77,28,2,0,2,2,87,64,3,2,40
paras,92,89,57,37,19,7,23,8,0,97,90,17,94,93,22,30,17,1,75,20,41,6,56,12,82,79,7,0,48,14,1,64,21,0,34,2,11,1,58,7,38,2,57,37,9,0,18,63,23,74,23,70,25,46,3,28,4,7,0,61,27,1,0,38,7,16,8,1,67,41,14,62,6,0,0,0,14,9,63,0,7,0,14,34,11,9,3,21,0,2,0,0,0,0,13,81,31,12,2,30,8,86,0,32,10,43,1,12,3,0,0,0,90,60,5,57,36,19,4,44,9,46,10,28,27,1,0,15,100,0,0,54,27,7,17,10,33,0,0,0,0,0,0,0,0,1,43,33,7,1,14
parasect,99,98,80,61,40,26,70,36,5,100,100,23,98,99,47,55,31,3,91,52,69,15,87,38,98,97,34,4,79,67,12,95,65,9,67,9,37,7,90,37,70,13,93,73,44,82,0,89,62,94,55,95,66,76,32,58,17,15,0,89,57,4,0,65,28,59,24,19,91,74,44,87,39,0,0,0,50,20,91,4,32,3,36,62,29,50,18,54,8,29,1,0,0,0,35,98,75,38,6,71,47,96,15,71,30,79,12,39,26,1,1,0,96,94,18,85,71,61,16,73,59,80,43,65,68,8,3,44,100,1,10,49,57,21,53,37,70,4,0,10,0,0,4,0,0,0,77,57,22,10,19
venonat,84,77,33,26,16,2,4,1,0,100,98,0,100,99,19,12,4,0,52,1,31,0,61,11,37,27,9,0,74,32,0,68,37,0,22,0,1,0,22,11,52,3,77,66,19,37,11,0,8,32,0,47,3,9,0,14,1,0,0,17,0,1,0,3,0,35,9,2,85,62,32,52,5,4,2,0,5,0,15,0,1,0,0,28,5,7,3,37,3,43,5,15,2,0,43,49,7,8,0,14,0,56,0,30,0,68,0,3,24,1,3,0,24,73,0,39,24,4,1,10,0,2,1,2,3,0,0,10,100,0,0,56,7,0,1,2,11,7,0,6,0,0,0,0,0,0,18,5,0,0,20
venomoth,95,91,74,66,39,6,31,16,0,100,100,2,100,100,57,36,22,0,88,32,68,19,85,50,93,72,39,7,94,81,21,93,73,7,52,4,14,0,67,44,86,27,99,96,80,77,38,92,0,62,11,90,27,55,4,45,18,6,1,57,27,5,3,14,1,71,43,29,98,84,91,89,42,24,6,0,38,10,67,0,17,3,21,62,23,33,5,67,38,81,37,44,9,4,81,76,27,58,16,43,5,75,3,61,7,95,8,20,66,37,38,2,55,91,5,85,78,30,5,58,9,30,13,13,14,1,1,19,100,0,4,62,42,15,30,12,31,51,13,33,7,0,0,0,0,2,68,31,3,0,21
diglett,34,32,1,80,51,0,20,3,0,96,72,3,100,99,14,19,6,0,78,12,35,5,93,60,87,100,6,0,71,44,13,80,51,5,42,1,72,10,63,11,33,0,18,14,10,26,6,68,38,0,1,55,10,47,1,35,4,39,1,41,5,0,27,36,8,12,7,2,43,21,17,91,17,4,3,0,50,22,33,0,81,49,2,23,0,8,1,74,19,7,0,61,22,2,30,65,32,13,1,36,10,8,0,29,1,14,3,5,30,14,14,1,97,6,0,28,10,16,4,35,0,42,2,11,66,18,0,0,100,0,1,62,20,2,50,30,47,30,2,26,10,0,0,0,0,0,47,27,0,0,8
dugtrio,74,86,25,96,96,26,84,42,8,100,97,24,100,100,82,66,30,1,99,80,92,45,100,89,100,100,59,13,99,95,65,99,95,52,88,32,93,54,96,82,80,22,62,50,31,77,45,100,89,99,0,98,78,98,59,87,50,86,51,91,66,13,67,87,30,82,53,41,85,68,50,97,66,52,31,7,95,78,93,1,95,84,44,80,29,76,43,95,80,64,2,70,70,17,92,95,82,54,17,96,57,47,6,73,41,70,29,70,83,57,56,16,98,59,28,63,56,75,44,78,27,97,27,80,96,86,3,58,100,1,14,72,88,42,95,80,90,75,22,65,42,0,5,2,3,23,97,82,8,12,39
meowth,47,38,5,48,23,10,11,0,0,100,85,7,99,91,10,41,12,0,57,5,71,10,54,9,50,28,3,0,20,4,0,35,8,0,39,2,22,0,47,7,57,2,12,5,2,30,5,53,10,45,2,0,6,30,6,17,0,6,0,31,2,0,6,17,2,1,2,0,44,19,0,64,5,0,0,0,25,6,38,0,4,1,7,47,6,25,4,12,4,7,0,0,0,0,13,61,23,5,0,11,2,15,0,26,3,3,1,5,5,1,0,0,87,23,0,21,11,11,3,28,0,41,9,4,8,0,0,5,100,0,0,64,17,3,3,7,26,0,0,0,0,0,0,0,0,0,39,19,3,0,16
persian,80,84,23,95,62,29,55,13,2,100,98,19,100,98,58,61,32,3,96,31,96,58,90,49,94,90,17,2,69,34,7,77,44,4,70,6,49,3,84,34,93,26,38,23,8,75,34,97,72,90,22,94,0,82,24,49,12,35,2,83,29,4,36,64,12,26,6,4,83,60,17,93,24,0,0,0,70,28,93,2,34,1,41,92,47,70,25,54,13,44,2,0,0,0,51,94,60,18,8,72,18,36,1,55,9,10,7,27,18,7,0,0,97,67,14,69,55,52,17,61,15,85,26,55,35,17,4,39,100,1,8,70,49,22,24,35,67,6,0,4,0,0,2,0,1,15,65,43,11,1,22
psyduck,41,39,11,76,48,7,40,3,0,100,100,8,100,100,25,34,18,0,82,8,81,17,82,31,46,8,15,0,82,38,4,80,49,0,45,1,21,0,62,15,83,16,12,10,6,54,24,91,45,53,2,70,18,0,6,33,5,6,1,54,26,2,0,18,3,40,16,6,65,27,8,89,15,6,1,0,40,12,63,1,4,0,15,70,19,55,13,56,7,85,9,13,7,0,51,71,16,30,0,22,3,9,0,35,1,8,4,9,40,6,6,0,74,43,2,89,86,27,5,56,3,39,11,6,3,12,0,17,100,0,0,66,19,2,6,10,26,15,0,13,1,1,0,0,0,6,43,17,0,1,17
golduck,82,84,49,100,96,55,95,80,10,100,100,32,100,100,81,67,42,10,100,81,100,71,100,84,87,66,72,18,97,93,46,100,95,27,86,15,50,7,97,79,98,73,58,35,27,97,68,100,96,99,41,94,76,94,0,84,34,50,4,98,84,24,0,39,8,87,53,38,93,80,44,100,87,44,20,1,89,70,100,19,43,6,66,99,70,98,73,85,48,97,65,57,20,3,96,97,80,86,40,81,42,43,4,92,28,48,38,70,80,51,43,7,92,94,34,100,100,95,60,97,85,91,53,64,23,55,5,59,100,2,28,87,86,52,51,66,93,83,17,58,6,4,8,15,0,77,93,74,27,6,36
mankey,82,88,27,84,59,21,63,29,2,100,100,16,100,100,59,69,34,5,89,44,66,23,96,48,82,77,23,0,81,62,5,92,59,1,79,16,67,7,86,60,82,18,58,36,23,72,42,86,55,65,13,83,51,67,16,0,11,37,1,74,22,1,0,27,13,40,17,10,79,56,25,92,30,2,0,0,58,15,71,4,55,5,38,43,12,68,36,72,20,69,9,0,0,0,54,77,57,36,9,52,21,69,2,56,20,19,4,47,27,18,6,1,98,71,1,82,57,43,21,69,25,59,37,34,38,20,3,16,100,1,5,75,70,37,44,48,63,23,0,14,1,0,4,0,0,5,74,55,18,3,23
primeape,99,99,78,100,92,46,98,87,26,100,100,49,100,100,90,79,67,23,100,94,95,72,100,93,100,98,72,35,99,92,60,94,97,47,97,48,76,26,95,94,96,73,85,83,55,96,83,99,82,96,50,100,88,95,66,89,0,67,12,92,88,33,58,59,24,77,60,39,100,92,75,97,82,23,6,0,98,64,98,27,93,51,77,91,54,96,86,98,64,95,31,9,0,0,84,99,83,80,30,91,58,91,17,92,55,79,43,91,63,50,25,2,100,99,30,96,95,81,60,96,87,94,67,78,85,73,21,63,100,15,38,84,95,78,89,80,84,67,8,57,11,2,31,5,2,50,97,86,71,21,48
growlithe,50,53,28,45,21,8,17,2,0,67,65,20,65,55,39,40,22,3,62,16,67,17,42,14,53,27,32,0,36,26,3,50,28,1,32,1,27,0,38,13,48,11,52,39,20,64,52,50,33,38,0,59,21,33,1,30,3,0,1,17,6,0,0,25,5,28,12,2,65,45,39,23,3,5,0,0,21,7,21,0,60,27,26,50,19,21,5,21,4,33,10,10,1,0,11,30,9,20,0,35,4,45,4,18,1,7,3,14,27,5,2,0,32,57,2,25,8,14,0,13,0,22,21,17,11,12,9,12,62,0,1,27,27,1,13,0,26,0,0,1,0,1,1,6,0,3,28,14,5,0,8
arcanine,41,29,18,31,28,15,24,18,4,73,51,22,61,59,46,33,29,7,39,27,61,24,35,23,50,26,34,15,39,16,14,36,35,14,36,10,34,6,38,13,50,21,32,41,25,56,51,35,37,55,8,52,20,28,12,39,17,25,0,37,16,6,20,35,8,37,25,13,36,46,26,33,9,0,1,0,28,18,18,3,38,23,29,35,22,22,20,21,7,26,16,6,6,0,8,37,18,22,6,47,14,44,8,26,8,31,21,17,35,8,9,2,27,32,12,32,20,29,12,33,7,32,30,26,30,26,10,25,38,1,3,23,36,15,26,28,17,6,0,5,2,3,5,19,5,18,40,24,9,5,14
poliwag,28,14,5,92,55,13,28,5,0,100,100,12,100,100,15,65,31,1,77,14,87,23,71,25,55,18,52,15,68,21,4,70,42,4,46,1,62,4,68,19,78,7,8,5,1,39,11,83,43,59,9,69,17,46,2,26,8,48,3,0,13,0,13,29,4,31,11,2,35,19,6,71,5,60,45,22,59,31,63,0,42,6,18,68,16,27,2,43,1,73,6,17,0,0,95,68,18,25,0,33,3,13,0,68,13,15,2,10,14,4,61,39,72,42,2,92,82,21,0,61,7,61,15,12,2,22,0,10,100,0,2,75,25,0,7,18,47,29,5,23,4,2,0,0,0,16,44,17,1,1,12
poliwhirl,55,57,15,99,92,42,71,26,1,100,100,23,100,100,59,68,39,10,99,61,96,65,97,64,80,50,90,37,97,80,34,94,79,23,81,7,69,10,97,67,99,37,21,11,5,73,43,100,73,95,34,98,71,74,16,78,12,65,11,87,0,2,17,40,11,61,31,10,82,47,13,94,38,76,80,45,88,68,96,7,70,18,47,98,61,84,31,72,19,94,30,33,4,1,100,96,63,58,8,73,30,37,0,94,47,34,16,46,55,20,87,66,85,81,9,100,91,61,25,88,65,93,44,48,22,63,7,48,100,0,14,88,78,12,40,56,85,82,17,54,11,8,0,5,1,84,81,39,9,7,20
poliwrath,93,94,58,100,100,84,100,93,37,100,100,53,100,100,99,81,59,29,100,98,100,83,100,95,100,95,100,73,100,100,68,100,99,51,97,47,77,36,100,98,100,84,73,67,28,99,96,99,95,100,87,100,96,98,76,99,67,78,29,100,98,0,0,61,31,99,82,65,98,90,60,100,93,96,90,55,93,97,99,43,95,48,92,98,83,98,96,98,73,98,84,12,4,0,100,99,97,99,55,99,81,81,36,100,94,85,66,93,90,78,97,78,100,100,45,100,98,97,84,99,100,95,93,96,74,87,27,87,100,19,73,93,98,88,91,99,96,99,45,86,16,20,24,32,9,87,96,93,62,23,44
abra,0,0,0,0,0,0,0,0,0,0,0,0,0,0,0,0,0,0,0,0,0,0,0,0,0,0,0,0,0,0,0,0,0,0,0,0,0,0,0,0,0,0,0,0,0,0,0,0,0,0,0,0,0,0,0,0,0,0,0,0,0,0,0,0,0,0,0,0,0,0,0,0,0,0,0,0,0,0,0,0,0,0,0,0,0,0,0,0,0,0,0,0,0,0,0,0,0,0,0,0,0,0,0,0,0,0,0,0,0,0,0,0,0,0,0,0,0,0,0,0,0,0,0,0,0,0,0,0,0,0,0,0,0,0,0,0,0,0,0,0,0,0,0,0,0,0,0,0,0,0,0
kadabra,44,36,10,24,9,0,17,5,1,56,49,7,68,75,9,24,14,1,34,4,36,20,52,27,35,20,29,4,51,32,13,61,38,5,15,1,6,1,23,10,61,28,32,31,21,23,4,44,32,32,2,48,5,25,2,48,13,13,1,28,10,3,0,0,0,56,35,15,62,52,20,42,22,20,11,3,22,3,3,0,13,2,9,32,8,11,0,41,15,50,16,50,36,8,39,1,0,38,15,27,1,7,0,25,3,21,3,4,49,20,28,2,0,45,0,53,39,26,1,27,0,2,5,0,6,5,0,1,72,0,0,6,8,1,4,0,20,38,3,29,7,0,0,0,0,1,28,18,4,0,0
alakazam,67,50,36,44,38,14,46,25,9,60,65,16,75,70,38,41,36,11,68,23,64,34,66,49,54,37,53,18,61,61,35,65,67,30,27,5,42,3,53,22,61,35,63,55,37,53,27,56,49,58,28,58,29,53,30,54,36,26,6,56,29,29,2,11,0,65,58,40,65,63,53,52,40,51,39,11,34,20,19,2,32,11,33,58,33,25,10,60,25,61,48,62,63,28,54,7,2,58,32,47,18,26,2,40,24,54,33,34,62,46,50,27,0,58,5,68,46,42,22,45,14,8,28,0,24,18,19,24,65,1,6,21,41,9,16,17,43,55,24,57,27,8,0,2,4,22,35,32,12,0,1
machop,67,73,29,76,56,16,63,28,2,100,100,2,100,100,46,49,30,3,92,78,81,43,83,44,82,75,34,9,84,40,7,81,48,1,68,6,50,7,86,59,75,24,31,12,3,84,40,65,29,87,18,96,70,60,13,58,23,25,3,67,38,1,0,13,1,0,26,10,66,49,24,78,18,43,9,1,68,30,60,4,74,23,36,66,27,68,45,58,15,50,20,6,0,3,93,75,33,25,11,77,28,36,1,67,18,34,7,79,16,5,48,8,69,73,16,58,66,47,9,51,21,58,30,51,55,17,6,53,100,0,10,70,82,23,53,53,54,85,4,45,15,2,12,0,0,4,61,58,18,0,21
machoke,84,89,64,96,81,30,91,68,19,100,100,12,100,100,87,54,38,16,99,91,94,60,94,72,98,99,72,20,95,83,25,98,82,14,83,18,46,18,98,85,94,42,62,60,19,92,76,91,57,93,47,98,94,84,47,83,40,38,8,89,69,18,0,42,13,71,0,17,96,80,47,97,55,59,29,12,91,65,94,37,94,58,62,88,52,91,91,75,25,92,35,7,0,2,99,97,59,57,27,97,48,77,12,85,55,56,27,84,57,27,56,14,99,94,26,90,97,62,42,85,55,80,53,80,67,48,9,78,100,9,29,75,93,64,85,69,83,98,21,64,34,11,17,0,1,26,85,80,38,6,39
machamp,95,97,83,99,95,59,100,88,40,100,100,22,100,100,96,66,58,34,100,97,96,71,97,80,100,99,88,44,98,94,42,100,96,27,92,25,55,18,100,95,97,59,89,79,49,99,81,98,70,98,59,100,96,94,62,90,61,47,9,98,90,35,0,53,18,90,83,0,100,91,75,97,80,75,51,19,97,83,99,49,98,80,77,93,65,100,97,96,66,98,66,12,0,2,99,100,86,78,37,99,70,86,28,97,64,74,46,95,72,51,77,34,99,100,44,100,100,89,63,94,94,90,81,91,84,66,35,92,100,10,52,89,96,86,95,87,93,96,61,87,50,21,51,15,10,47,96,91,66,11,36
bellsprout,67,60,21,16,6,1,29,14,0,93,100,2,98,99,1,20,9,0,71,3,34,7,42,1,64,58,13,2,29,5,0,29,11,0,47,2,3,0,61,20,20,1,28,7,1,33,9,14,2,57,15,55,17,35,7,21,0,1,0,65,18,2,0,13,3,33,4,0,0,24,6,65,3,24,16,0,3,1,55,1,6,0,3,21,5,13,8,10,0,35,5,5,0,0,51,39,12,39,3,20,3,61,0,44,8,27,1,11,6,0,34,4,83,63,0,67,61,35,13,45,14,23,1,6,21,1,0,7,100,0,2,56,15,16,14,3,9,50,7,35,18,0,0,0,0,0,19,11,0,1,10
weepinbell,95,89,55,53,25,7,77,53,6,98,100,0,99,100,20,40,12,0,83,25,59,12,51,8,86,87,46,9,68,32,1,71,22,3,75,5,16,0,78,46,50,1,70,38,10,59,26,38,16,79,32,81,40,73,20,44,8,6,0,81,52,10,0,19,6,51,20,9,75,0,21,83,24,42,34,10,28,8,84,4,16,0,14,44,13,60,17,30,1,53,10,2,0,0,88,76,31,64,9,48,11,83,3,63,32,50,4,21,8,1,49,20,97,84,9,96,86,58,26,79,65,42,9,28,44,3,0,27,100,1,10,76,47,44,38,10,31,83,45,61,32,2,1,0,0,2,49,26,2,1,15
victreebel,100,99,80,78,42,15,96,85,35,100,100,5,100,100,29,52,21,3,97,64,84,34,93,31,100,100,78,35,91,74,14,89,59,5,93,29,47,1,100,95,71,0,95,88,57,86,56,66,8,83,50,100,83,92,56,75,25,18,0,94,87,40,0,40,15,76,53,25,94,79,0,95,62,60,54,32,59,17,98,26,43,6,26,77,32,90,50,43,8,87,29,14,2,0,97,94,68,88,52,88,40,100,16,84,51,88,5,52,23,4,72,45,89,96,18,98,100,82,73,93,93,82,19,51,71,5,2,59,100,4,36,87,87,73,75,33,71,96,79,85,59,5,3,0,2,0,83,58,2,9,25
tentacool,31,12,3,79,54,9,12,4,1,100,100,2,100,100,7,38,10,0,59,4,63,9,47,11,41,18,44,7,52,24,5,58,15,2,46,0,39,2,59,30,61,5,5,2,3,38,13,47,11,9,3,36,7,11,0,8,3,35,1,29,5,0,0,3,1,22,3,3,35,17,5,0,3,48,27,30,47,26,38,1,27,5,13,53,5,18,3,34,2,81,5,6,2,0,85,30,11,29,0,16,1,42,0,45,9,10,0,8,12,5,55,24,20,74,1,93,83,7,2,39,11,26,10,0,2,17,1,5,100,0,2,67,14,2,3,20,24,35,6,19,3,0,0,0,0,16,14,1,3,0,3
tentacruel,79,79,25,97,93,67,93,56,7,100,100,12,100,100,74,58,34,9,100,77,100,73,92,62,93,63,86,47,99,91,47,99,92,13,90,19,48,5,97,91,99,46,57,27,7,94,61,95,57,83,34,95,76,85,13,70,18,49,16,95,60,7,1,21,8,82,44,20,97,76,38,97,0,72,66,38,91,70,99,14,74,47,64,97,71,76,37,72,21,97,73,37,13,3,99,93,50,82,42,80,21,87,13,86,42,90,16,71,65,32,86,59,44,97,12,100,89,75,32,93,95,90,57,33,15,73,12,61,100,4,23,93,78,37,50,77,84,90,48,80,26,24,2,10,0,95,73,39,16,6,39
geodude,50,61,35,100,90,65,20,12,0,100,100,27,100,100,99,64,49,15,100,100,100,100,100,100,100,100,100,67,100,99,98,100,99,95,89,41,67,27,100,100,100,91,18,18,21,100,100,96,76,96,48,100,100,94,56,98,77,57,27,40,24,4,0,57,22,57,41,25,76,58,40,52,28,0,21,0,100,98,66,1,87,63,99,100,96,47,29,99,77,16,0,20,19,3,100,98,78,49,14,99,88,30,59,92,68,41,61,96,98,85,92,56,100,32,75,13,14,66,43,48,1,73,99,99,100,82,21,96,100,3,0,58,100,23,93,100,64,20,2,22,11,58,45,3,100,97,95,92,56,7,45
graveler,62,82,38,100,100,82,55,39,4,100,100,43,100,100,100,71,53,36,100,100,100,100,100,100,100,100,100,95,100,100,100,100,100,100,95,63,69,32,100,100,100,99,35,36,23,100,100,98,94,97,69,100,100,99,80,100,94,58,32,55,20,10,0,71,28,91,71,49,84,66,46,73,34,79,0,11,100,99,84,1,96,87,100,100,100,69,56,99,89,45,2,29,21,5,100,99,96,49,24,100,97,39,87,100,86,58,86,100,100,98,98,79,100,57,93,44,14,84,67,50,8,90,100,100,100,99,48,100,100,6,5,81,99,34,100,100,91,20,2,32,36,86,83,3,100,100,99,93,71,24,54
golem,80,96,67,100,100,91,80,49,24,100,100,61,100,100,100,74,60,54,100,100,100,100,100,100,100,100,100,100,100,100,100,100,100,100,97,75,73,41,100,100,100,100,54,54,31,100,100,100,100,100,93,100,100,100,99,100,100,82,34,78,55,45,0,73,53,99,88,81,100,90,66,70,62,100,89,0,100,100,100,17,99,99,100,100,100,96,93,100,95,86,26,50,27,21,100,100,100,72,46,100,100,53,98,100,96,85,96,100,100,100,100,100,100,92,99,58,41,94,86,67,36,99,100,100,100,100,79,100,100,19,16,79,99,66,100,100,100,71,18,60,73,100,93,23,100,100,100,99,93,65,76
ponyta,91,87,35,81,59,15,23,2,0,100,100,23,99,100,49,54,29,3,82,33,87,38,73,43,75,65,21,1,76,35,4,78,40,1,60,4,35,5,64,21,81,20,75,52,17,85,50,91,60,46,5,70,26,57,9,39,2,26,1,40,10,7,16,40,6,28,6,2,97,67,37,52,8,0,0,0,0,20,49,0,58,17,32,79,25,49,19,34,6,42,3,2,0,0,29,73,33,17,1,41,11,73,3,39,3,19,9,25,17,5,3,0,59,87,2,33,16,27,5,39,0,60,24,29,19,18,7,14,100,0,2,67,49,6,26,26,49,0,0,2,0,0,1,6,0,12,46,35,8,3,19
rapidash,98,97,82,90,84,51,51,23,2,100,100,32,100,100,79,69,52,12,99,71,98,73,98,73,96,92,63,15,98,77,20,89,76,12,79,15,49,7,91,61,96,47,94,88,59,89,80,98,90,76,20,92,68,87,28,82,33,50,3,68,30,3,27,64,29,68,35,16,97,90,81,72,28,2,1,0,76,0,80,5,92,52,60,89,56,86,46,67,19,82,29,11,0,0,63,91,74,35,6,84,35,91,7,66,7,53,29,47,52,15,4,1,69,98,20,62,50,47,24,60,8,93,57,70,51,55,17,38,100,3,10,77,75,27,55,58,82,7,0,4,0,0,6,16,4,45,81,56,29,12,31
slowpoke,25,28,2,92,57,11,7,0,0,100,100,4,100,100,24,8,3,0,84,2,87,14,63,7,38,7,27,0,87,37,2,80,39,0,10,0,18,0,40,4,71,8,1,1,0,37,9,84,32,67,7,62,7,37,0,29,2,12,0,37,4,1,0,16,1,40,6,1,45,16,2,62,1,34,16,0,44,14,0,0,1,0,7,79,22,14,0,20,0,65,0,16,2,0,91,73,21,18,0,23,1,1,0,39,1,48,1,0,15,1,42,5,18,42,1,85,26,10,0,26,0,51,4,6,2,7,0,17,100,0,0,68,6,0,2,10,43,11,0,9,0,1,0,0,0,6,18,7,0,0,6
slowbro,66,90,63,100,100,92,99,97,26,100,100,15,100,100,99,46,27,3,100,99,100,100,99,92,93,67,98,80,100,100,87,100,100,84,74,6,35,7,100,80,100,93,47,21,11,100,96,100,99,100,98,100,98,99,80,96,73,48,4,98,82,57,0,31,9,96,63,51,99,95,73,99,83,99,99,83,100,95,89,0,77,16,99,100,99,58,25,88,43,100,99,68,43,9,100,97,77,99,79,96,73,16,2,99,97,100,68,91,96,71,98,93,30,100,52,99,86,99,72,93,87,100,93,81,43,75,42,96,100,0,20,41,96,16,53,90,99,100,90,99,62,72,0,9,1,100,87,69,13,7,7
magnemite,79,82,49,53,39,23,79,32,4,100,100,16,100,100,72,49,46,22,97,63,100,95,96,66,91,86,75,15,81,45,10,63,39,2,89,7,6,2,100,84,100,70,36,33,18,93,68,99,83,19,5,96,66,96,57,45,7,6,0,58,30,5,0,31,8,26,6,2,94,84,57,73,26,13,4,1,42,8,99,23,0,8,78,100,85,83,52,94,39,98,67,4,2,1,91,95,60,56,38,56,10,62,9,34,2,0,5,58,73,48,22,4,32,97,25,78,73,79,25,64,32,83,64,31,21,2,7,55,100,2,4,41,67,20,17,36,70,73,6,54,30,13,1,3,2,20,55,52,16,5,7
magneton,97,99,74,91,58,30,98,80,44,100,100,34,100,100,96,77,45,30,100,98,100,100,99,94,100,100,98,72,98,89,45,97,88,35,94,47,39,2,100,100,100,92,93,83,42,100,97,100,97,51,16,99,99,100,94,95,49,31,3,94,82,52,0,41,22,77,42,20,100,100,94,95,53,37,13,1,83,48,100,84,92,0,100,100,100,98,97,100,90,100,97,39,5,1,100,100,97,98,64,94,55,90,38,66,20,4,25,96,97,96,63,12,68,100,49,100,97,99,75,95,84,99,91,92,65,14,45,86,100,14,28,85,98,87,49,67,100,100,53,95,69,56,2,22,47,75,93,85,46,17,31
farfetch'd,96,95,69,94,65,30,67,40,1,100,100,34,100,100,68,68,41,11,91,63,88,62,97,61,66,57,39,3,86,67,8,96,62,1,81,22,44,15,96,63,95,37,92,78,56,86,64,100,78,98,56,93,59,85,34,62,23,36,2,82,53,8,0,48,16,63,38,23,97,86,73,87,35,1,0,0,68,38,93,1,22,0,0,90,53,59,27,72,15,34,1,3,3,1,50,93,64,22,7,63,22,90,9,70,43,27,4,51,28,11,2,0,94,92,17,82,78,51,29,66,23,90,57,44,28,20,4,45,100,1,7,68,68,21,46,44,75,3,0,6,0,0,5,1,0,40,74,56,13,6,24
doduo,76,74,27,51,28,6,12,2,0,88,100,25,100,100,44,43,12,1,71,5,84,18,62,17,17,11,8,0,41,9,0,49,19,0,35,1,28,0,39,9,61,2,40,20,14,66,38,72,38,77,20,53,8,30,1,57,9,12,0,32,2,2,0,33,0,33,12,7,79,56,22,47,3,0,0,0,18,5,21,0,0,0,10,0,10,5,0,25,0,19,0,6,3,0,3,65,21,12,1,11,0,42,1,33,4,19,2,2,5,0,0,0,91,48,3,32,10,17,2,20,1,26,19,10,0,0,2,6,99,0,0,57,16,3,1,11,24,0,0,0,0,0,0,0,0,0,38,17,1,0,7
dodrio,98,92,62,88,64,22,59,33,2,100,100,45,100,100,81,73,37,8,95,40,97,54,93,50,75,49,38,8,77,55,14,92,58,11,69,11,63,9,81,35,93,35,94,76,50,89,71,95,76,100,71,94,53,81,30,88,46,41,5,84,39,17,43,68,12,72,48,35,95,87,68,95,29,4,0,0,71,38,78,1,15,0,47,90,0,39,3,57,5,62,15,42,18,2,31,90,52,51,16,56,11,86,15,61,20,67,25,23,37,11,3,0,99,72,16,82,69,56,19,76,21,78,59,49,15,30,16,33,100,0,3,58,68,19,18,46,68,10,1,4,0,0,1,0,0,25,82,41,12,2,21
seel,59,57,20,81,58,27,30,8,0,100,100,20,100,100,34,59,26,6,89,14,96,66,80,20,66,19,70,14,90,54,13,81,30,1,57,0,13,0,82,48,98,31,22,26,9,91,50,92,63,92,24,75,30,45,1,32,4,8,0,72,13,0,0,24,3,32,9,0,86,40,10,79,5,53,31,4,46,13,67,0,17,2,41,95,61,0,0,43,1,87,1,15,4,1,94,93,35,28,1,46,6,64,5,81,27,16,2,21,23,2,55,16,46,93,11,90,39,16,1,64,23,81,36,15,6,10,1,22,100,0,0,44,30,1,10,16,67,16,2,4,0,4,0,0,0,26,73,57,50,1,5
dewgong,85,85,51,97,84,42,72,32,1,100,99,39,100,100,79,64,42,5,99,60,99,90,95,56,96,81,88,39,94,78,24,92,60,13,70,10,32,1,99,68,100,58,54,38,11,96,82,97,92,99,55,96,75,87,26,64,13,36,1,97,60,4,0,54,11,55,9,3,92,82,50,96,38,71,44,7,81,50,93,0,47,3,73,100,97,52,0,65,6,99,9,31,5,0,97,100,86,49,5,86,35,76,18,92,36,11,15,36,56,20,72,29,71,100,26,97,44,69,26,84,62,97,69,67,21,12,2,56,100,1,16,27,77,10,31,52,98,35,0,12,0,16,0,57,7,78,94,88,60,5,3
grimer,83,77,47,75,53,25,41,18,1,100,100,2,100,100,49,32,24,4,92,57,94,60,83,44,62,70,29,5,92,68,8,88,67,3,65,7,16,1,93,91,87,24,54,45,25,79,46,62,32,26,5,87,45,44,14,28,2,10,2,57,28,1,0,16,1,40,24,4,90,69,56,66,27,1,1,0,64,31,80,12,6,0,26,74,43,55,20,0,16,64,16,0,0,0,83,71,39,32,8,41,7,70,6,40,6,65,3,50,18,13,9,2,74,98,10,58,65,35,19,29,23,51,42,21,16,10,4,39,100,1,2,58,46,41,55,35,25,35,2,10,5,0,3,1,1,26,49,57,28,0,29
muk,99,94,75,100,91,45,98,81,35,100,100,12,100,100,95,43,27,18,99,97,100,95,98,79,100,100,88,26,100,98,35,100,96,21,91,50,27,5,100,100,100,66,100,98,84,100,92,97,59,81,19,96,86,92,51,79,36,34,8,99,81,26,0,26,2,85,74,33,100,99,91,98,74,23,10,5,93,79,100,55,59,7,84,100,94,74,44,55,0,97,82,0,0,0,98,99,77,77,41,96,47,94,47,91,46,100,21,97,82,62,46,13,88,100,41,99,96,92,66,86,99,90,79,80,77,51,31,87,100,7,43,55,91,82,96,78,87,93,30,69,33,20,2,16,16,96,89,81,61,2,48
shellder,48,69,17,77,42,23,15,3,0,100,100,5,100,100,58,54,27,5,97,45,99,81,69,15,17,1,82,20,91,61,25,88,62,12,43,1,11,0,95,51,97,55,6,6,3,98,71,57,19,93,36,93,56,15,3,31,5,14,0,27,6,2,0,7,0,50,8,2,64,47,13,19,2,84,55,14,57,18,35,0,2,0,66,81,38,13,0,36,2,0,0,9,0,0,100,64,20,44,3,30,1,34,4,97,32,25,4,39,27,5,77,23,44,63,13,36,17,46,9,5,1,26,62,18,2,12,6,48,100,0,0,55,56,3,5,43,8,15,0,5,2,19,0,0,0,25,49,56,48,0,14
cloyster,60,97,79,92,69,42,96,66,8,100,100,30,100,100,99,79,53,21,100,100,100,99,100,82,59,24,97,87,100,98,92,100,99,89,85,18,51,13,100,99,100,96,29,26,19,100,99,95,63,100,98,100,98,91,35,91,69,42,3,94,70,16,0,46,11,80,65,34,95,90,71,95,26,100,98,74,97,70,100,1,33,3,99,100,85,94,54,84,18,100,0,23,11,0,100,100,83,100,78,94,53,38,65,100,97,52,67,95,85,35,98,86,94,90,54,91,85,100,90,59,51,75,97,98,41,46,29,96,100,5,14,88,98,40,42,91,60,95,2,42,8,83,15,28,3,86,81,97,85,6,35
gastly,95,99,86,96,89,47,89,73,76,100,100,20,100,100,100,76,62,35,100,100,93,61,100,100,90,68,100,100,100,100,100,100,100,100,93,58,60,19,100,100,97,83,91,81,83,100,100,85,56,39,30,100,100,87,43,100,91,59,24,83,67,88,0,16,15,94,93,88,95,98,86,94,63,80,71,50,98,89,84,32,96,61,97,94,58,85,69,100,99,91,77,0,33,16,100,87,77,84,67,100,100,88,100,69,46,100,24,96,100,100,100,100,44,100,99,80,78,79,65,73,56,45,100,75,49,22,81,100,100,27,27,79,100,71,86,98,63,99,41,99,100,62,71,2,3,27,100,100,97,15,61
haunter,98,100,94,99,91,67,99,95,93,100,100,39,100,100,100,83,79,38,100,100,100,78,100,100,100,74,100,100,100,100,100,100,100,100,97,68,75,27,100,100,99,91,96,96,83,100,100,98,91,78,30,100,100,93,80,100,100,70,35,100,96,96,16,28,14,100,100,100,100,100,98,98,87,81,79,73,100,100,98,57,98,95,97,97,82,96,95,100,100,100,89,67,0,25,100,99,77,89,77,100,100,97,99,87,62,100,58,100,100,100,100,100,51,100,100,94,98,97,82,95,86,85,100,94,71,46,100,100,100,51,37,82,99,98,94,99,87,100,77,100,100,78,72,18,17,79,100,95,95,24,70
gengar,100,100,100,100,100,92,100,100,100,100,100,53,100,100,100,84,76,57,100,100,100,100,100,100,100,100,100,100,100,100,100,100,100,100,98,90,83,48,100,100,100,97,100,99,98,100,100,100,96,98,83,100,100,100,97,100,100,76,49,100,99,100,28,74,35,97,98,98,100,100,100,100,97,97,95,79,100,100,100,91,99,99,99,100,98,99,100,100,100,100,100,84,75,0,100,100,98,97,95,100,100,100,100,96,83,100,93,100,100,100,100,100,74,100,100,100,100,100,97,98,100,100,100,99,94,88,100,100,100,84,78,74,100,99,99,100,99,100,94,100,100,98,86,68,72,99,100,98,97,46,85
onix,24,24,4,90,57,32,2,0,0,100,86,9,100,96,79,24,6,4,95,43,97,65,78,44,98,100,17,5,57,28,6,57,41,4,20,2,28,0,55,3,90,29,1,4,1,87,65,57,18,70,8,87,49,49,4,46,16,14,1,5,0,0,0,8,2,6,1,1,49,12,3,15,1,0,0,0,66,36,9,0,9,0,50,97,69,6,3,15,0,0,0,0,0,0,0,85,38,4,0,64,13,2,8,60,5,6,14,10,18,6,1,0,74,7,36,0,0,21,7,0,0,33,46,63,52,20,0,57,100,0,0,56,57,0,24,57,31,0,0,0,0,15,5,1,21,38,39,25,9,1,12
drowzee,44,37,3,44,22,5,5,1,0,94,98,12,99,97,3,15,1,0,51,1,58,5,51,18,74,68,2,0,49,17,1,59,18,0,22,1,8,0,24,9,50,7,24,13,2,19,2,51,22,35,5,39,6,29,3,22,1,4,0,31,4,1,0,34,4,24,3,0,61,24,6,68,7,2,1,0,20,3,26,2,5,0,7,35,10,7,0,29,1,36,0,13,1,0,15,0,13,5,0,9,1,4,0,29,1,22,0,1,13,2,2,0,54,44,1,62,54,7,0,32,0,52,3,2,5,1,0,4,100,0,0,62,3,1,1,9,54,6,0,2,0,0,0,0,0,1,28,7,0,3,10
hypno,87,84,27,87,70,13,61,26,0,100,100,16,99,100,39,46,24,4,86,28,90,45,85,56,98,99,37,2,85,75,10,89,67,7,55,6,26,0,76,37,92,22,85,64,20,69,25,93,72,68,18,77,38,83,20,43,17,21,2,81,37,3,0,33,8,67,41,14,88,68,32,89,49,22,4,0,58,22,79,17,40,3,35,79,48,61,11,61,22,80,17,23,23,2,61,87,0,50,5,65,12,41,0,54,12,64,7,22,44,18,16,2,86,77,10,95,90,47,9,72,15,86,19,26,31,11,1,33,100,0,5,62,41,13,19,25,88,37,7,24,3,1,0,0,3,18,70,41,4,12,23
krabby,54,62,21,87,67,43,72,31,0,100,100,25,100,100,73,56,43,5,99,89,98,83,96,54,52,24,69,23,98,84,50,97,89,35,83,25,44,28,98,77,92,62,8,15,2,88,62,92,42,87,46,95,82,70,14,64,20,39,17,75,42,1,0,34,9,75,43,22,59,34,12,70,18,51,51,28,82,63,82,1,44,2,78,88,49,72,51,68,23,56,0,16,11,3,96,95,50,0,7,65,22,31,2,91,55,60,21,72,31,10,69,49,98,50,28,54,55,82,39,43,9,63,61,81,25,56,3,66,100,0,5,73,89,19,36,71,41,44,1,14,3,24,21,1,0,73,52,65,17,5,16
kingler,62,92,50,99,92,79,99,89,23,100,100,39,100,100,98,73,62,29,100,97,100,98,100,89,78,49,93,75,100,100,87,100,100,66,93,62,66,37,100,98,100,84,32,33,19,98,94,100,84,99,83,100,92,100,60,91,70,66,22,100,92,45,0,49,28,89,73,63,97,91,48,100,58,86,76,54,99,94,100,21,62,36,93,99,84,99,95,92,59,97,22,33,23,5,100,100,95,93,0,94,75,36,26,100,85,88,61,93,81,52,91,69,98,80,58,98,98,99,92,83,78,91,90,98,65,85,31,90,100,8,35,85,99,79,76,95,89,93,39,77,27,64,54,29,6,99,88,85,45,24,54
voltorb,75,70,15,75,42,19,47,13,1,100,100,20,100,100,25,59,37,2,85,42,97,60,88,30,95,100,27,5,78,39,1,83,43,0,71,8,45,2,71,30,91,37,27,26,5,70,29,86,57,64,4,89,28,78,19,48,9,30,1,67,27,1,31,33,8,22,3,1,80,52,12,84,20,1,0,0,58,12,77,4,44,6,37,89,44,54,14,59,4,70,6,0,0,0,36,90,35,35,6,0,8,54,0,29,6,22,7,30,19,5,3,0,92,75,3,78,68,46,18,58,10,65,17,28,28,24,0,17,100,0,5,66,47,19,32,31,54,10,0,6,0,1,0,0,7,44,61,48,11,2,16
electrode,94,97,57,98,90,42,94,72,17,100,100,50,100,100,79,72,62,35,99,83,100,98,100,84,100,100,86,27,97,95,28,100,92,19,92,37,62,18,96,83,100,78,84,60,35,92,53,100,95,90,43,98,82,97,58,79,42,61,13,97,70,19,25,68,28,72,52,30,97,89,60,99,79,12,3,0,89,64,99,27,90,45,78,100,89,94,65,93,53,99,47,0,0,0,87,99,88,78,25,92,0,85,10,68,24,67,35,73,60,36,14,0,99,99,26,99,100,86,57,94,79,96,61,73,83,46,22,61,100,2,26,85,88,62,90,76,91,55,3,42,6,4,15,19,62,99,94,85,49,29,41
exeggcute,58,76,30,45,24,4,89,56,20,100,100,2,97,100,7,39,8,1,89,48,51,27,44,4,85,92,69,32,76,46,14,73,30,2,82,9,10,1,87,77,43,2,3,0,0,14,4,42,24,92,53,85,64,91,56,30,9,4,1,87,62,19,0,28,11,61,23,14,39,15,0,58,12,70,61,47,24,9,99,84,36,10,10,56,14,35,24,29,5,66,62,12,3,0,98,96,58,69,64,46,15,0,0,96,62,55,3,57,14,1,76,64,78,75,7,91,98,82,41,79,87,87,14,14,43,0,0,40,100,2,13,63,53,59,22,12,54,84,64,80,58,6,1,0,1,1,25,23,3,1,24
exeggutor,100,100,100,96,88,54,100,98,56,100,100,60,100,100,72,71,64,42,100,97,100,89,100,92,100,100,94,46,100,99,68,100,100,62,97,41,70,28,100,98,99,77,97,98,77,100,85,100,97,100,94,100,99,100,96,98,83,65,17,100,100,64,0,76,66,99,88,72,100,97,82,100,87,41,13,2,97,91,100,98,91,62,91,99,85,95,82,94,53,96,35,0,0,0,92,100,100,98,74,100,90,100,0,100,89,100,62,98,86,43,38,1,100,100,54,100,99,98,86,99,100,100,95,92,100,59,48,93,100,45,46,86,100,93,76,93,100,89,24,77,13,14,56,7,20,63,95,98,75,60,62
cubone,44,51,14,80,60,22,14,4,0,95,82,3,100,90,52,20,13,0,74,34,79,43,74,41,90,100,19,0,65,55,14,76,60,7,32,2,33,5,54,33,65,11,13,5,5,68,29,69,39,71,27,74,45,65,8,44,8,31,2,32,6,0,0,24,6,33,15,3,55,37,16,55,14,8,0,0,61,33,61,1,66,34,30,67,39,19,8,60,9,3,0,31,13,4,40,71,46,9,0,71,32,4,0,0,8,35,16,37,30,10,11,1,74,26,9,8,3,23,8,20,2,46,15,48,53,25,1,36,100,0,0,52,46,8,51,48,37,10,0,9,1,0,2,0,2,6,37,31,6,0,14
marowak,78,89,49,99,88,48,74,40,5,100,100,17,100,100,94,49,38,19,99,88,93,84,100,96,100,100,70,20,100,99,62,100,98,47,85,26,72,28,98,82,91,48,49,33,17,90,70,100,93,99,59,97,91,99,72,80,45,60,23,87,53,6,0,67,26,82,45,36,92,67,48,91,58,32,14,4,97,92,99,3,98,80,57,96,80,73,63,94,54,68,3,54,38,17,95,99,88,45,15,94,76,38,11,92,0,68,43,79,83,58,40,9,99,80,32,55,47,76,39,53,31,97,61,83,98,63,9,77,100,0,4,71,87,40,93,89,87,61,8,33,16,3,22,1,44,61,91,82,20,19,34
hitmonlee,81,63,5,95,79,17,81,54,12,97,100,0,100,36,11,74,64,6,97,89,93,43,86,25,100,100,59,13,61,28,0,77,26,0,42,0,78,19,95,66,30,0,64,38,8,57,21,32,5,86,30,97,90,92,52,81,21,64,7,85,66,15,0,38,6,64,44,26,73,50,12,90,9,59,42,15,80,44,52,0,100,96,73,81,33,84,89,35,0,75,48,0,0,0,94,78,35,40,12,78,33,45,0,65,32,0,14,85,9,0,74,30,100,90,22,95,100,70,52,99,3,9,0,53,54,43,0,67,100,0,56,86,94,50,66,64,96,94,61,85,68,6,44,3,0,0,92,66,1,0,21
hitmonchan,100,97,83,100,76,64,97,85,19,100,100,92,100,100,98,88,76,44,100,96,100,81,100,88,100,100,85,35,100,96,64,100,100,26,99,52,77,15,100,97,100,79,100,98,73,99,88,100,92,97,71,99,93,96,62,96,57,64,8,98,84,34,0,68,32,93,73,54,99,96,95,100,84,38,14,4,90,69,99,32,95,75,96,98,75,98,85,97,79,96,33,76,42,7,86,100,93,79,39,93,65,97,38,84,57,86,0,85,78,46,51,9,100,100,31,100,99,94,66,98,93,96,88,92,82,54,28,68,100,27,50,90,100,85,94,82,95,79,23,72,21,24,27,32,11,39,99,87,61,20,40
lickitung,78,92,42,94,76,38,63,27,2,100,81,17,100,92,83,30,18,9,98,74,99,83,98,59,92,92,40,8,88,71,19,89,61,2,48,10,17,5,99,37,100,45,42,21,8,88,61,97,78,95,30,95,73,91,30,53,9,20,2,90,54,7,0,45,5,21,16,5,89,79,47,92,29,4,0,0,73,53,100,9,42,4,49,98,77,79,64,50,3,61,5,4,0,0,88,99,78,28,7,70,27,41,2,63,21,15,15,0,17,7,9,1,73,90,41,65,68,65,26,57,17,85,54,71,38,21,3,65,100,4,8,75,69,34,36,66,81,15,0,9,2,6,17,5,6,58,62,61,24,6,36
koffing,92,97,78,91,68,28,76,43,3,100,100,16,100,100,85,62,46,16,99,82,100,84,98,87,86,72,73,13,97,93,33,97,83,19,97,29,56,13,100,93,100,60,78,63,24,97,73,76,34,70,17,95,81,60,20,73,37,26,2,86,45,10,0,25,8,84,42,28,94,92,77,88,35,1,0,0,82,46,85,4,26,3,72,95,63,77,44,81,16,73,14,0,0,0,82,87,56,69,19,81,40,86,14,70,17,91,22,82,0,20,3,0,99,99,36,64,67,84,43,60,32,69,64,84,61,34,14,55,100,1,10,50,80,49,72,62,40,27,1,13,0,5,10,5,3,65,77,72,28,3,25
weezing,100,99,92,100,89,42,97,87,26,100,100,23,100,100,97,71,48,19,100,93,100,93,99,88,99,93,87,32,100,99,41,100,97,23,98,60,47,19,100,100,100,73,98,95,76,100,99,98,63,86,43,99,93,94,48,82,50,51,14,96,80,21,0,41,9,95,73,49,100,99,96,95,68,14,2,0,95,84,99,28,52,4,89,100,89,97,78,80,26,95,64,0,0,0,94,98,82,90,48,95,63,99,57,90,42,100,54,93,80,0,39,4,96,100,42,93,93,97,67,81,81,81,81,95,78,51,28,88,100,8,36,81,98,86,97,82,78,90,13,63,10,22,12,16,24,95,95,87,57,8,51
rhyhorn,38,55,20,98,94,59,28,12,3,100,100,17,100,100,100,52,42,16,100,99,100,98,100,97,100,100,98,66,99,96,86,97,90,76,83,26,51,15,100,95,100,86,7,9,11,100,99,97,62,86,44,100,100,94,57,94,75,47,6,39,13,3,0,42,8,52,44,23,66,51,28,45,14,8,2,0,97,96,58,2,78,37,98,100,97,45,28,91,53,23,2,0,0,0,99,98,84,31,9,97,86,24,62,89,60,26,49,91,97,59,0,8,99,46,63,17,4,69,44,26,4,82,97,98,100,66,38,95,100,1,1,81,97,12,85,95,68,4,0,2,1,42,72,0,99,100,90,89,80,8,41
rhydon,54,87,61,100,98,90,59,34,6,100,100,40,100,100,100,65,55,30,100,100,100,100,100,100,100,100,100,96,100,100,100,100,97,99,98,54,58,18,100,99,100,96,42,29,21,100,100,100,98,99,84,100,100,100,93,99,98,59,17,61,34,22,0,74,33,92,86,66,96,80,55,76,41,44,21,0,100,99,95,7,96,88,100,100,100,84,71,98,85,77,14,0,0,0,100,100,98,51,31,100,100,36,99,99,91,70,91,99,100,96,92,0,99,81,92,46,24,89,70,66,18,98,100,100,100,91,79,100,100,13,4,91,100,37,98,100,98,33,0,6,8,89,93,3,100,100,100,100,92,33,71
chansey,0,0,0,6,0,0,0,0,0,0,0,0,0,0,0,0,0,0,0,0,0,0,0,0,0,0,0,0,0,0,0,0,0,0,0,0,0,0,0,0,0,0,5,3,4,1,0,0,0,0,0,0,0,0,0,0,0,3,0,0,0,0,0,0,0,0,0,0,2,0,0,0,0,0,0,0,4,0,0,0,0,0,0,0,0,0,0,0,0,0,0,0,0,0,0,1,0,0,0,0,0,0,0,1,0,0,0,0,0,0,0,0,0,0,0,0,0,0,0,0,0,0,0,0,0,0,0,0,0,0,0,4,0,0,0,0,1,0,0,0,0,0,0,0,0,0,0,0,0,0,1
tangela,59,80,38,33,31,13,43,17,1,99,83,1,93,60,22,13,1,0,78,13,57,6,36,3,41,41,43,3,52,17,2,54,19,0,22,1,4,0,53,15,59,4,2,2,0,40,6,25,9,94,41,76,31,57,6,29,1,2,0,58,19,0,0,8,1,24,6,0,37,15,4,26,3,68,43,8,12,2,57,0,3,0,8,52,28,7,0,2,0,37,10,0,0,0,93,56,23,50,20,24,1,24,0,72,20,10,0,9,1,0,53,19,58,0,6,68,44,44,8,27,17,17,7,18,12,0,0,25,100,0,1,67,26,4,3,15,11,64,22,65,16,0,0,0,0,0,12,9,0,0,20
kangaskhan,98,96,76,100,96,75,92,77,44,100,100,63,100,100,98,83,66,31,99,80,100,92,99,92,100,100,80,54,94,84,69,95,87,59,92,58,75,19,100,75,99,74,99,97,66,95,82,100,95,100,72,100,86,98,66,99,70,74,16,98,91,55,50,77,38,81,74,56,100,91,82,99,88,25,7,1,97,79,99,48,75,51,83,97,84,88,72,89,59,87,46,1,0,0,64,99,90,72,42,97,74,93,46,91,68,78,69,59,64,58,37,8,100,94,0,98,98,85,73,100,79,97,75,87,81,75,34,78,100,33,52,81,93,66,79,90,100,41,9,54,17,27,43,55,56,75,100,95,64,56,63
horsea,12,14,1,83,57,18,14,4,0,100,100,1,100,100,16,47,19,0,87,27,91,38,58,12,14,1,69,21,75,50,18,74,42,12,47,1,37,10,72,59,87,16,0,0,0,43,15,61,15,72,37,79,31,11,0,18,4,44,3,8,0,0,0,5,0,41,10,0,33,4,2,7,0,87,56,42,67,37,6,0,22,0,18,68,18,4,0,41,1,64,9,20,6,0,100,37,5,46,2,22,1,9,0,92,45,5,0,35,36,7,83,54,0,31,2,0,30,16,0,5,0,20,19,13,1,33,0,18,100,0,0,63,33,0,6,21,9,67,6,31,3,10,0,0,0,37,10,4,0,0,20
seadra,4,11,2,95,85,31,9,0,0,100,100,3,100,100,11,32,26,0,95,25,95,59,73,23,26,1,93,35,90,58,32,88,40,19,26,0,43,8,75,44,96,13,0,1,0,64,27,73,18,90,44,89,45,14,0,43,5,53,2,1,0,0,0,2,0,34,3,0,39,14,0,0,0,86,86,59,82,48,4,0,27,3,22,90,31,0,0,28,0,82,15,22,2,0,100,36,3,45,2,32,0,1,0,97,53,0,1,31,33,7,96,76,0,55,2,70,0,10,0,5,0,35,14,23,3,43,0,15,100,0,0,42,34,0,3,36,17,80,15,38,4,15,0,2,0,67,2,0,0,0,6
goldeen,40,58,9,92,73,39,62,15,0,100,100,27,100,100,53,52,27,4,97,45,95,63,88,47,60,18,41,10,88,57,9,92,52,5,71,5,48,14,93,45,93,22,13,15,7,81,39,96,70,84,25,89,48,73,5,57,19,37,5,79,39,3,0,38,7,53,38,11,65,42,18,93,25,34,16,6,72,52,90,1,21,1,49,83,44,84,31,65,8,54,0,21,3,0,79,93,51,18,1,54,14,18,2,77,24,30,6,35,16,3,31,11,95,56,15,84,90,0,16,61,17,65,47,55,14,45,1,34,100,1,5,63,59,11,28,50,52,10,3,10,1,6,1,0,0,51,62,32,4,3,16
seaking,80,82,37,98,94,64,87,62,7,100,100,43,100,100,85,68,40,18,99,82,100,81,100,70,88,85,72,34,97,91,43,97,93,31,91,30,74,20,100,84,99,62,58,43,18,96,84,99,95,96,56,97,83,95,40,79,40,71,15,100,75,16,0,71,30,89,58,37,87,74,27,98,68,57,33,14,95,76,100,28,75,25,71,98,81,99,74,81,32,91,10,35,18,3,93,100,91,61,8,82,43,59,14,92,61,48,34,74,57,33,56,30,99,92,27,100,99,84,0,95,83,97,71,72,33,77,11,66,100,6,38,90,94,56,58,80,97,53,6,36,2,23,13,25,1,85,93,79,28,21,38
staryu,25,25,4,88,78,10,44,15,0,100,100,10,100,100,11,60,42,4,98,44,94,50,80,26,42,10,75,28,89,56,24,84,55,6,72,9,42,10,85,67,93,20,4,10,2,56,27,89,40,65,22,72,39,44,3,31,4,48,3,38,12,1,0,14,1,48,15,6,54,21,7,61,6,52,50,33,60,40,70,0,36,5,34,80,24,21,0,71,6,95,41,27,5,2,100,68,28,57,17,42,6,21,1,80,47,1,2,43,40,19,74,34,20,72,0,95,95,39,5,0,18,51,24,5,4,47,4,15,100,0,2,67,55,7,5,36,49,65,19,46,9,4,0,0,0,53,29,30,4,0,8
starmie,36,42,4,100,96,67,96,37,0,100,100,15,100,100,54,55,31,5,100,93,100,93,100,64,81,41,98,63,100,94,64,100,96,27,75,5,51,9,99,95,100,39,7,0,0,91,41,100,91,100,73,100,85,97,15,75,13,50,9,93,35,0,9,53,6,79,45,6,86,35,7,89,4,99,92,64,100,92,99,3,68,16,77,99,79,52,2,75,1,99,49,44,14,0,100,100,84,91,22,90,21,13,0,98,69,97,7,83,68,19,96,82,65,83,21,100,89,83,17,82,0,100,75,60,7,79,12,69,100,0,0,96,94,3,19,87,80,98,27,84,13,18,0,1,0,99,54,34,0,1,18
mr. mime,71,64,30,74,37,8,26,10,1,100,100,4,98,100,22,33,16,2,84,14,83,28,74,23,87,59,28,2,77,59,5,81,67,7,23,2,20,0,54,19,87,30,50,22,12,54,20,98,70,58,3,59,15,61,9,41,6,11,0,39,7,5,2,13,0,42,20,10,77,58,18,74,10,27,10,1,38,6,36,0,17,1,10,74,22,17,1,49,10,74,25,55,15,0,67,48,14,37,9,35,4,12,0,54,3,91,3,15,31,18,18,2,12,83,3,80,65,35,3,49,0,0,12,2,8,2,0,7,100,0,1,52,21,0,9,9,58,39,0,34,3,0,0,0,0,3,36,15,0,0,3
scyther,98,97,85,87,67,33,76,50,4,100,87,25,100,89,85,59,39,8,95,65,88,45,93,61,88,61,51,9,97,81,17,97,87,21,77,21,46,6,96,40,95,35,99,96,86,90,57,99,85,98,72,91,74,89,47,63,33,41,8,85,56,7,28,53,17,70,47,19,99,91,81,90,43,1,0,0,74,43,96,7,36,9,43,81,41,64,30,57,21,38,3,0,0,0,54,97,81,39,10,83,39,85,5,85,39,100,12,46,36,19,3,0,86,92,25,81,86,53,29,76,25,88,0,67,35,20,4,49,100,8,9,71,70,37,57,64,90,11,0,9,0,0,10,0,0,17,82,70,25,7,35
jynx,94,81,36,88,59,16,76,32,0,100,100,53,100,100,37,69,57,13,97,55,94,51,94,55,100,100,33,2,88,48,12,93,63,6,75,8,65,5,92,53,92,36,93,82,47,72,35,98,87,89,20,96,45,94,36,66,22,40,8,88,52,4,57,68,37,48,20,9,94,72,49,100,67,1,0,0,69,24,94,19,69,8,56,90,51,85,32,79,18,82,2,25,5,0,37,98,74,19,2,72,27,86,8,52,17,47,8,29,16,5,2,0,100,82,13,87,77,45,28,95,40,98,33,0,46,27,0,23,100,1,15,85,60,30,42,42,99,5,0,3,0,1,1,8,7,19,95,73,35,35,26
electabuzz,87,85,35,89,71,46,96,72,31,100,100,52,100,100,48,76,58,31,95,63,100,95,95,60,100,100,4,1,89,75,2,92,72,0,89,12,49,7,97,78,99,73,53,27,8,73,32,97,86,34,4,92,65,97,77,62,15,43,7,98,78,26,29,51,21,45,33,16,79,56,28,98,85,0,0,0,81,44,98,57,79,35,72,100,85,94,79,83,23,98,59,51,29,6,48,95,69,75,35,72,17,56,0,47,2,46,18,62,39,21,0,0,97,88,19,99,97,86,67,96,93,92,65,54,0,27,3,43,100,45,29,75,68,74,35,57,85,92,49,70,44,24,6,26,42,97,77,64,23,17,29
magmar,100,100,97,98,88,47,55,22,4,100,100,71,100,100,91,69,60,21,99,81,99,82,100,87,100,98,80,33,98,95,50,99,95,25,89,31,45,10,100,93,99,70,99,100,95,99,92,100,99,82,14,100,82,88,45,80,27,28,7,78,36,13,34,53,15,83,52,34,99,97,95,83,27,18,1,0,81,44,93,22,98,86,80,100,70,90,88,90,48,88,54,78,54,12,80,99,89,44,15,76,54,100,41,75,37,57,46,79,66,47,34,9,91,100,25,66,57,55,23,53,21,98,80,73,73,0,33,65,100,8,18,82,78,28,78,67,95,18,1,20,12,12,21,77,7,65,89,60,40,21,37
pinsir,100,100,98,97,78,62,98,91,61,100,100,58,100,100,97,74,57,43,100,99,100,88,100,97,100,99,99,68,100,99,83,100,100,76,93,68,68,24,100,97,100,93,100,99,86,100,97,100,99,100,97,100,96,100,95,97,79,65,32,100,93,73,27,71,36,94,91,65,100,100,98,99,88,79,52,21,93,82,100,58,93,55,96,98,84,99,98,94,66,94,71,19,0,0,100,100,99,97,69,100,78,100,52,99,91,100,72,97,85,72,62,21,99,100,66,100,100,99,89,96,88,100,96,100,97,67,0,92,100,38,52,74,100,94,97,93,94,97,45,81,69,29,66,30,24,80,100,95,81,21,77
tauros,92,87,51,89,72,36,64,41,11,100,100,40,100,100,82,57,30,7,99,59,100,72,95,58,100,98,41,20,78,62,23,84,61,15,69,16,51,8,92,50,99,45,65,32,19,85,56,90,80,100,42,95,61,83,41,84,37,39,2,90,52,13,30,64,19,46,22,8,93,73,41,95,38,4,0,0,81,56,83,4,45,14,55,94,67,77,44,61,13,52,4,0,0,0,43,96,67,34,10,83,39,60,7,64,23,33,32,35,42,12,5,0,98,74,22,82,85,66,34,85,31,93,51,77,57,35,8,0,100,8,16,58,71,34,44,53,90,12,0,7,1,2,7,6,14,39,83,67,33,12,40
magikarp,0,0,0,1,0,0,0,0,0,0,0,0,2,0,0,0,0,0,0,0,0,0,0,0,0,0,0,0,0,0,0,0,0,0,0,0,0,0,0,0,0,0,0,0,0,0,0,0,0,0,0,0,0,0,0,0,0,0,0,0,0,0,0,0,0,0,0,0,0,0,0,0,0,0,0,0,0,0,0,0,0,0,0,1,0,0,0,0,0,0,0,0,0,0,0,0,0,0,0,0,0,0,0,0,0,0,0,0,0,0,0,0,0,0,0,0,0,0,0,0,0,0,0,0,0,0,0,0,0,0,0,0,0,0,0,0,0,0,0,0,0,0,0,0,0,0,0,0,0,0,0
gyarados,100,100,97,100,100,95,100,99,82,100,100,57,100,100,100,82,69,39,100,99,100,99,100,99,91,74,99,94,100,100,95,100,100,90,97,73,75,32,100,100,100,92,100,99,93,100,99,100,100,100,99,100,99,100,98,99,85,79,30,100,100,81,0,76,56,100,91,90,100,99,96,100,96,97,94,81,100,97,100,100,98,86,99,100,100,100,99,99,93,100,95,73,49,16,100,100,100,100,92,100,98,98,55,100,100,100,73,96,99,92,99,87,96,100,67,100,100,99,94,100,100,100,92,99,55,92,62,92,100,0,84,94,100,96,91,100,100,100,99,98,87,76,68,71,16,100,100,95,80,75,67
lapras,89,94,59,100,98,78,97,86,18,100,100,59,100,100,95,82,70,28,100,96,100,97,100,90,99,94,98,83,99,98,88,100,95,74,92,37,63,18,100,99,100,88,68,65,40,100,90,100,96,99,86,100,92,100,72,95,62,61,23,98,85,26,0,59,31,89,71,48,98,90,63,98,77,100,95,84,98,89,100,46,96,72,93,100,97,95,28,98,56,100,86,73,63,22,100,100,95,95,65,95,74,85,54,100,96,44,50,92,90,62,99,96,69,99,48,99,97,95,62,97,100,99,91,85,71,82,48,84,100,16,0,94,98,44,73,91,100,100,85,94,56,76,6,97,38,100,97,94,88,42,57
ditto,43,27,24,48,38,20,45,9,5,51,0,1,0,0,13,1,1,1,38,27,31,27,42,28,48,1,41,14,40,17,13,35,28,11,8,4,3,0,20,4,57,28,31,20,6,46,51,43,38,38,28,36,30,34,13,25,16,5,0,25,12,7,0,0,0,30,25,11,44,24,13,33,7,42,19,21,31,19,10,0,59,15,32,43,42,23,1,24,23,45,12,21,18,26,42,36,35,27,15,34,15,34,14,48,29,14,10,25,50,19,19,9,0,32,19,37,9,37,10,33,4,45,29,15,25,18,26,42,18,6,6,0,31,2,15,23,37,55,18,39,13,8,6,0,0,0,36,31,28,6,12
eevee,84,64,30,81,51,24,42,11,0,100,100,14,99,100,46,50,31,6,89,32,93,42,91,36,86,88,22,0,64,19,0,68,28,3,65,9,42,6,72,40,94,21,51,28,13,71,41,93,53,79,11,82,47,76,13,26,5,19,0,69,19,2,0,45,12,14,7,3,84,53,13,85,22,0,1,0,48,23,92,4,32,2,32,82,28,68,20,51,7,42,2,0,0,0,43,96,57,11,1,52,10,44,0,54,12,5,0,31,18,2,3,0,86,71,6,66,64,40,5,45,5,77,29,39,32,21,0,29,100,0,2,66,0,4,22,28,67,1,0,0,0,0,1,0,0,17,80,40,7,4,20
vaporeon,75,71,16,100,97,73,95,72,2,100,100,13,100,100,91,45,19,6,100,77,98,89,95,62,91,74,88,39,97,88,24,98,92,22,48,7,37,9,96,60,100,65,23,16,1,93,79,100,83,98,58,97,78,98,48,63,22,49,3,100,88,11,0,39,12,75,36,14,84,55,25,98,52,77,66,34,94,73,100,2,80,13,78,97,81,83,55,51,1,91,48,29,2,1,100,99,87,81,21,81,38,40,5,92,60,50,15,62,51,13,88,63,69,95,34,99,54,89,44,77,55,100,63,70,26,69,6,66,100,4,36,73,94,0,53,84,99,89,31,68,6,12,2,15,1,99,90,68,29,5,27
jolteon,87,77,28,88,74,26,85,60,12,100,100,24,100,100,37,62,47,19,97,76,99,90,84,33,100,100,24,1,90,45,3,91,51,2,64,4,45,4,91,59,92,39,65,35,14,83,47,99,69,50,5,97,76,94,49,56,11,31,2,93,60,9,16,53,21,47,15,5,86,62,24,97,50,7,0,0,72,44,98,47,83,51,54,99,82,89,69,41,1,95,58,14,6,1,75,99,80,64,24,68,10,77,24,49,7,34,6,64,27,3,15,2,97,97,21,94,97,72,42,95,81,91,43,58,65,22,3,56,100,9,27,85,78,47,0,37,96,85,36,65,27,10,4,6,6,92,90,49,14,4,29
flareon,99,95,56,94,73,44,62,32,1,100,100,34,100,100,75,67,32,15,98,44,94,62,93,56,99,98,48,4,85,70,17,95,67,10,75,23,57,5,95,38,90,25,100,97,86,90,63,98,88,70,20,93,65,90,34,52,20,57,8,82,44,1,0,56,25,46,31,13,97,90,67,80,23,0,0,0,69,38,90,10,64,33,56,89,54,84,46,65,21,57,9,2,1,0,43,91,75,29,5,69,24,88,7,52,11,36,18,34,38,18,5,0,100,85,10,79,64,50,20,64,13,91,36,58,43,33,7,47,100,0,9,77,71,16,63,0,87,9,1,8,0,2,6,14,4,41,86,48,12,25,26
porygon,78,70,35,79,41,6,48,14,0,100,100,5,100,100,28,47,15,2,90,17,86,43,90,47,83,58,49,5,78,51,11,75,48,5,44,3,12,0,77,35,81,30,59,26,12,67,30,89,69,53,10,74,33,74,7,37,16,9,1,53,15,4,0,14,3,43,17,7,91,69,29,76,16,36,9,0,45,16,57,1,30,0,25,76,32,33,2,75,12,92,40,37,13,1,69,46,11,59,11,46,9,44,0,63,13,4,5,19,60,22,32,2,5,88,0,91,83,48,3,51,20,42,10,1,15,5,6,10,100,0,0,63,30,1,4,13,0,50,4,27,1,1,0,0,0,7,50,23,4,0,20
omanyte,11,16,12,100,98,79,42,13,0,100,100,8,100,100,86,44,23,4,100,100,100,99,99,70,46,8,100,62,95,73,70,92,73,45,68,7,44,2,100,78,100,69,3,0,0,100,96,93,48,70,25,100,94,85,17,77,33,38,5,71,18,1,0,24,2,14,2,4,50,17,4,65,10,80,80,29,100,93,89,0,27,0,97,100,90,84,58,64,4,85,5,1,0,0,100,94,63,56,7,90,45,15,11,90,39,6,21,84,72,9,96,67,79,36,59,33,20,90,47,35,2,61,89,95,8,82,3,88,100,0,0,45,98,9,15,91,50,0,2,10,0,33,13,2,0,100,63,56,12,0,11
omastar,55,67,14,100,100,97,95,83,25,100,100,38,100,100,100,59,49,26,100,100,100,100,100,100,85,60,100,100,100,100,100,100,98,99,95,41,59,20,100,99,100,97,10,12,8,100,100,100,87,98,78,100,100,100,83,100,92,60,20,95,83,55,0,52,29,96,79,39,93,55,21,94,52,98,98,82,100,100,100,10,94,47,100,100,99,92,97,98,68,100,98,59,23,6,100,100,93,99,61,100,97,36,75,100,92,39,76,100,99,87,100,100,96,78,91,94,85,97,94,81,73,100,100,100,51,99,55,100,100,1,15,82,100,64,64,99,96,98,0,94,64,100,43,32,10,100,97,85,57,18,50
kabuto,46,37,6,100,98,70,81,27,4,100,100,11,100,100,89,51,39,16,100,99,100,99,99,90,51,25,99,82,97,80,80,95,84,63,85,19,55,18,100,98,98,75,15,14,8,100,90,93,67,74,35,100,96,87,42,86,43,41,11,77,46,14,0,26,7,53,36,13,65,39,15,81,20,78,68,40,98,96,91,1,46,5,94,100,96,96,88,90,31,95,58,1,0,0,100,98,76,86,23,94,58,20,23,91,67,15,28,91,87,37,98,94,90,34,46,69,62,90,64,54,16,66,91,97,30,80,19,93,100,2,6,61,100,32,35,92,73,90,6,0,16,37,30,5,1,99,83,67,33,5,24
kabutops,68,90,35,100,100,98,100,92,73,100,100,44,100,100,99,68,44,30,100,100,100,100,100,98,86,64,99,98,100,100,98,100,99,95,90,61,69,15,100,99,100,89,35,31,23,100,100,100,93,90,58,100,100,99,94,99,89,63,15,96,89,84,0,59,27,85,66,50,82,68,41,97,74,89,64,27,100,100,100,38,70,31,100,100,100,100,100,94,65,98,92,0,0,0,100,100,97,97,73,100,94,42,87,99,84,32,79,98,100,90,99,92,99,84,83,97,96,99,98,91,87,97,100,100,56,88,31,99,100,13,44,87,100,92,73,100,99,100,36,84,0,75,91,53,9,100,97,93,76,32,57
aerodactyl,99,98,91,100,100,91,96,84,41,100,100,71,100,100,97,79,67,45,100,100,100,100,100,99,96,90,96,84,100,100,92,100,100,88,99,66,82,42,100,100,98,87,97,96,71,100,99,100,100,100,100,100,100,99,96,100,98,75,28,96,92,80,64,86,56,98,88,79,100,95,95,100,75,42,14,0,100,100,99,27,87,44,98,100,99,95,82,99,80,81,17,38,22,2,85,100,99,75,36,99,95,94,86,100,97,92,74,93,94,76,58,11,91,100,73,90,84,92,74,95,82,100,100,96,76,87,71,98,100,24,24,92,100,87,87,98,98,67,0,63,25,0,59,20,36,99,100,99,75,78,77
snorlax,99,99,97,100,100,93,100,98,43,100,98,50,100,100,100,59,55,20,100,99,100,98,100,91,100,100,99,60,100,100,67,99,98,54,84,48,50,17,100,91,100,87,100,100,98,100,96,100,100,100,95,100,98,100,92,96,69,47,14,100,100,72,0,67,45,85,83,47,100,99,97,100,98,29,1,0,99,93,100,55,99,91,95,100,99,96,95,92,61,95,61,0,0,0,88,100,100,79,45,100,85,99,42,98,77,54,73,82,87,80,28,2,94,100,57,100,89,99,87,93,100,100,90,99,94,79,31,93,100,32,89,90,99,61,95,94,100,62,5,60,4,38,0,81,83,100,100,98,80,95,61
articuno,100,100,100,100,91,44,100,92,31,100,100,78,100,100,100,92,90,52,100,100,100,100,100,97,100,97,99,97,100,100,97,100,100,89,98,61,48,8,100,99,100,99,100,100,100,100,100,100,100,100,98,100,100,100,85,100,95,57,7,100,95,68,0,59,43,100,100,85,100,100,100,100,89,97,97,77,92,83,100,91,97,78,99,100,100,100,27,99,83,100,72,98,82,32,99,100,100,99,71,100,81,100,93,100,99,97,68,95,95,84,100,97,98,100,45,100,98,100,75,100,99,100,100,92,74,23,70,94,100,29,3,100,100,85,94,86,100,98,68,95,47,80,19,0,78,99,100,100,100,56,69
zapdos,100,100,100,100,100,89,100,100,79,100,100,81,100,100,100,96,85,46,100,100,100,100,100,100,100,99,63,17,100,100,48,100,100,41,97,66,80,16,100,100,100,98,100,100,98,100,100,100,100,100,97,100,99,100,100,100,98,73,28,100,99,91,57,80,36,100,99,90,100,100,98,100,100,0,0,0,100,96,100,99,98,53,100,100,100,100,93,99,84,100,97,97,83,28,79,100,97,100,94,93,38,99,80,98,56,100,89,94,97,76,1,0,99,100,44,100,100,100,99,100,100,100,100,93,58,93,76,86,100,84,62,100,100,99,94,96,100,100,90,99,91,60,17,22,0,100,100,95,80,42,67
moltres,100,100,97,99,98,54,53,5,0,100,100,53,100,100,99,54,28,1,100,72,100,80,99,53,73,9,65,2,99,92,6,100,89,2,77,6,47,1,99,75,98,34,100,100,98,99,100,100,98,100,77,100,85,94,23,95,50,33,1,84,16,13,8,51,6,96,74,53,100,98,100,84,5,3,0,0,88,51,94,0,80,25,60,100,75,73,17,74,3,75,14,73,21,1,62,99,80,27,1,56,1,99,37,94,39,100,61,42,35,4,0,0,94,100,25,63,33,49,15,47,1,97,83,81,3,35,20,61,100,0,0,100,79,1,8,59,93,0,0,1,0,0,0,1,0,0,87,51,4,1,28
dratini,75,87,43,85,51,9,57,25,2,100,100,12,100,100,14,42,27,3,79,17,81,35,73,29,82,94,38,4,74,38,0,66,31,1,67,5,35,3,67,44,68,14,63,54,13,57,23,82,32,53,3,61,35,57,7,26,3,16,1,56,19,4,0,26,4,39,15,4,81,51,17,86,27,5,1,0,51,17,82,13,45,7,26,62,18,27,6,51,11,51,19,0,0,0,61,72,30,48,12,39,6,75,5,63,9,8,1,38,23,5,10,0,57,88,0,90,98,38,7,71,46,64,18,5,23,11,0,17,100,0,3,64,19,10,10,14,50,37,3,17,3,0,0,0,0,13,0,46,6,1,15
dragonair,92,95,66,97,83,24,78,48,6,100,100,17,100,100,42,48,24,15,84,58,92,61,89,48,95,100,35,7,81,60,11,88,74,6,71,10,49,6,73,53,90,27,78,71,36,67,43,95,68,73,18,81,57,83,26,45,14,30,3,83,61,7,0,35,8,42,20,9,89,74,41,99,61,8,7,1,65,41,93,31,48,15,44,83,59,43,12,42,17,44,3,0,5,2,75,93,58,35,15,52,15,77,2,69,18,34,13,39,27,13,11,0,82,90,5,96,94,68,21,70,66,85,30,27,36,40,5,33,100,5,6,69,57,32,51,52,77,44,15,33,7,1,2,0,5,49,54,0,14,9,28
dragonite,100,100,97,100,94,75,96,91,48,100,100,29,100,100,98,54,39,15,100,94,100,93,98,84,100,98,81,38,98,95,48,98,95,24,88,38,56,13,100,90,97,64,100,100,97,93,78,100,97,100,91,97,89,100,73,82,29,43,8,99,91,38,0,49,27,81,62,34,100,98,98,97,84,44,29,7,92,70,100,87,84,54,87,99,88,50,40,71,38,52,15,3,5,3,91,100,96,83,55,89,51,97,25,94,80,99,39,76,72,42,20,8,87,100,36,100,95,96,72,94,100,100,75,65,77,59,19,67,100,20,12,72,93,70,86,88,96,88,43,67,24,24,19,0,20,96,94,86,0,30,50
mewtwo,100,99,96,100,98,76,100,92,55,100,100,47,100,100,83,88,64,48,100,99,100,100,100,95,100,100,100,78,100,100,86,100,100,76,100,76,66,24,100,99,98,92,100,100,98,99,90,100,100,100,88,100,99,99,94,97,79,66,34,99,93,77,18,50,39,100,94,89,99,99,91,100,94,93,76,35,97,87,100,93,95,83,94,100,98,99,95,100,98,100,94,85,76,54,99,97,88,95,76,98,71,99,40,100,81,100,80,94,97,92,92,67,87,100,44,100,100,97,79,100,99,100,93,65,83,79,79,88,100,25,58,94,96,95,96,75,100,100,82,95,68,21,5,44,58,99,99,91,70,0,56
mew,91,84,57,86,83,60,84,68,34,98,19,31,63,16,70,40,26,1,90,73,89,66,86,70,94,71,73,43,92,80,48,88,88,36,40,27,40,3,73,29,94,54,91,77,56,85,75,79,78,91,61,82,77,82,63,75,51,34,5,86,80,53,42,42,16,77,58,64,89,84,70,95,59,55,43,23,78,68,66,8,93,67,76,93,74,59,27,51,30,84,60,38,29,13,81,90,74,83,42,83,57,76,37,86,64,79,59,57,72,46,55,27,51,79,36,79,66,84,59,90,78,92,63,74,70,62,23,59,78,31,37,57,75,36,67,72,80,88,49,73,41,22,20,29,31,66,85,72,47,41,0
